model_id,model_name,r-squared,coeff_name,coeff_value,t_stat_value
1,AM Travel Time Index,0.876879001786427,coeff_00,0.10744386723453407,9.87863001627499
1,AM Travel Time Index,0.876879001786427,coeff_01,0.007704308877646809,0.7189018984451072
1,AM Travel Time Index,0.876879001786427,coeff_02,-0.24253520519592933,-22.695643355757223
1,AM Travel Time Index,0.876879001786427,coeff_03,0.03441862355866436,3.1006039005256554
1,AM Travel Time Index,0.876879001786427,coeff_04,-0.1353796115450457,-3.8920390320494946
1,AM Travel Time Index,0.876879001786427,coeff_05,0.017979835761534557,1.672856460643398
1,AM Travel Time Index,0.876879001786427,coeff_06,0.15415131596777829,2.8470866523530214
1,AM Travel Time Index,0.876879001786427,coeff_07,-0.007686154697695426,-1.0780813846708086
1,AM Travel Time Index,0.876879001786427,coeff_08,-0.23969440656493235,-2.2071280801755337
1,AM Travel Time Index,0.876879001786427,coeff_09,0.0016637892553642286,0.07723453776081785
1,AM Travel Time Index,0.876879001786427,coeff_10,0.0005793662632729759,
1,AM Travel Time Index,0.876879001786427,coeff_11,-0.0005793662632725179,
1,AM Travel Time Index,0.876879001786427,coeff_12,-0.007133857082096519,
1,AM Travel Time Index,0.876879001786427,coeff_13,0.013379735994014461,
1,AM Travel Time Index,0.876879001786427,coeff_14,-0.0062458789119191616,
1,AM Travel Time Index,0.876879001786427,intercept,1.463802057822548,
2,Auto Accessibility Peak,0.8261483005562813,coeff_00,-2808.930883485123,-2.6623280192274072
2,Auto Accessibility Peak,0.8261483005562813,coeff_01,3886.27478127034,3.7383061914263127
2,Auto Accessibility Peak,0.8261483005562813,coeff_02,20661.64386804287,19.931409108356057
2,Auto Accessibility Peak,0.8261483005562813,coeff_03,-3437.153476854723,-3.1919577676512643
2,Auto Accessibility Peak,0.8261483005562813,coeff_04,15707.138391649132,4.655072130592956
2,Auto Accessibility Peak,0.8261483005562813,coeff_05,-1262.015545199372,-1.21043948825754
2,Auto Accessibility Peak,0.8261483005562813,coeff_06,-14313.056582718136,-2.7251553081664186
2,Auto Accessibility Peak,0.8261483005562813,coeff_07,1353.2327618370525,1.9566824540470786
2,Auto Accessibility Peak,0.8261483005562813,coeff_08,7370.868948159211,0.699670796513846
2,Auto Accessibility Peak,0.8261483005562813,coeff_09,-1147.8387433361572,-0.549287273665688
2,Auto Accessibility Peak,0.8261483005562813,coeff_10,-194.54313852469136,
2,Auto Accessibility Peak,0.8261483005562813,coeff_11,194.54313852466498,
2,Auto Accessibility Peak,0.8261483005562813,coeff_12,295.89861862343696,
2,Auto Accessibility Peak,0.8261483005562813,coeff_13,-689.72722241259,
2,Auto Accessibility Peak,0.8261483005562813,coeff_14,393.8286037892094,
2,Auto Accessibility Peak,0.8261483005562813,intercept,36805.65309298984,
3,Auto Accessibility Peak within 30 Minutes,0.8548029085030414,coeff_00,-14890.183784813837,-2.8398590003858226
3,Auto Accessibility Peak within 30 Minutes,0.8548029085030414,coeff_01,18983.45338152676,3.674453837018032
3,Auto Accessibility Peak within 30 Minutes,0.8548029085030414,coeff_02,114829.42063113838,22.289612341888425
3,Auto Accessibility Peak within 30 Minutes,0.8548029085030414,coeff_03,-17980.276496830396,-3.3599343178466343
3,Auto Accessibility Peak within 30 Minutes,0.8548029085030414,coeff_04,86162.31381270233,5.138340824254779
3,Auto Accessibility Peak within 30 Minutes,0.8548029085030414,coeff_05,-6314.748204031486,-1.2187387693769658
3,Auto Accessibility Peak within 30 Minutes,0.8548029085030414,coeff_06,-79028.2286143612,-3.027731277287953
3,Auto Accessibility Peak within 30 Minutes,0.8548029085030414,coeff_07,6751.8465925640085,1.9644755284568
3,Auto Accessibility Peak within 30 Minutes,0.8548029085030414,coeff_08,34787.38743056922,0.6644664866421226
3,Auto Accessibility Peak within 30 Minutes,0.8548029085030414,coeff_09,-4541.325854867253,-0.43729804164703284
3,Auto Accessibility Peak within 30 Minutes,0.8548029085030414,coeff_10,-1214.185901364971,
3,Auto Accessibility Peak within 30 Minutes,0.8548029085030414,coeff_11,1214.1859013648364,
3,Auto Accessibility Peak within 30 Minutes,0.8548029085030414,coeff_12,2721.1063137995443,
3,Auto Accessibility Peak within 30 Minutes,0.8548029085030414,coeff_13,-4726.41153944629,
3,Auto Accessibility Peak within 30 Minutes,0.8548029085030414,coeff_14,2005.3052256470583,
3,Auto Accessibility Peak within 30 Minutes,0.8548029085030414,intercept,182267.24982312205,
4,Auto Mode Share,0.9738971923326832,coeff_00,0.00038834550601496843,0.9310627532037129
4,Auto Mode Share,0.9738971923326832,coeff_01,0.0002672827835183936,0.6503580358038168
4,Auto Mode Share,0.9738971923326832,coeff_02,-0.020297890393603454,-49.52952859819548
4,Auto Mode Share,0.9738971923326832,coeff_03,0.006209943002260937,14.587671856976218
4,Auto Mode Share,0.9738971923326832,coeff_04,-0.007258397761728384,-5.441395187380192
4,Auto Mode Share,0.9738971923326832,coeff_05,8.71645861604598e-05,0.21147479420655085
4,Auto Mode Share,0.9738971923326832,coeff_06,-0.004144896138685279,-1.9962396716091302
4,Auto Mode Share,0.9738971923326832,coeff_07,0.0058654116239565636,21.45292439748354
4,Auto Mode Share,0.9738971923326832,coeff_08,-0.035341231940344435,-8.485880303601547
4,Auto Mode Share,0.9738971923326832,coeff_09,-0.003108941575322613,-3.7633219871190224
4,Auto Mode Share,0.9738971923326832,coeff_10,-0.0008235577979620499,
4,Auto Mode Share,0.9738971923326832,coeff_11,0.0008235577979621045,
4,Auto Mode Share,0.9738971923326832,coeff_12,-0.0010043489873454979,
4,Auto Mode Share,0.9738971923326832,coeff_13,0.0006240500108892638,
4,Auto Mode Share,0.9738971923326832,coeff_14,0.00038029897645609594,
4,Auto Mode Share,0.9738971923326832,intercept,0.8403124912132613,
5,Average Commute Time by Auto,0.7434202565645072,coeff_00,1.1793889802037567,5.116112409362832
5,Average Commute Time by Auto,0.7434202565645072,coeff_01,-0.2679284959063557,-1.1795674355822428
5,Average Commute Time by Auto,0.7434202565645072,coeff_02,-3.1752109154055232,-14.018715221359216
5,Average Commute Time by Auto,0.7434202565645072,coeff_03,0.8791462849586084,3.7366451731305634
5,Average Commute Time by Auto,0.7434202565645072,coeff_04,-3.4518154485145454,-4.682086311630715
5,Average Commute Time by Auto,0.7434202565645072,coeff_05,-0.0009389332113769085,-0.004121692447635799
5,Average Commute Time by Auto,0.7434202565645072,coeff_06,2.8651869867183897,2.4967458840309997
5,Average Commute Time by Auto,0.7434202565645072,coeff_07,0.03470945209362967,0.22969847295781393
5,Average Commute Time by Auto,0.7434202565645072,coeff_08,-6.844074462400085,-2.9733928062520705
5,Average Commute Time by Auto,0.7434202565645072,coeff_09,-0.11925110596576552,-0.26118220002478454
5,Average Commute Time by Auto,0.7434202565645072,coeff_10,-0.01572199553428688,
5,Average Commute Time by Auto,0.7434202565645072,coeff_11,0.015721995534301203,
5,Average Commute Time by Auto,0.7434202565645072,coeff_12,-0.07865766767904339,
5,Average Commute Time by Auto,0.7434202565645072,coeff_13,0.14084355280974248,
5,Average Commute Time by Auto,0.7434202565645072,coeff_14,-0.06218588513073142,
5,Average Commute Time by Auto,0.7434202565645072,intercept,22.69922913365443,
6,Average Commute Time by Transit,0.8422004582068788,coeff_00,0.36319462519370665,0.6336820687640644
6,Average Commute Time by Transit,0.8422004582068788,coeff_01,0.5922379725897456,1.0486947908247084
6,Average Commute Time by Transit,0.8422004582068788,coeff_02,-8.095293618387798,-14.375310455450878
6,Average Commute Time by Transit,0.8422004582068788,coeff_03,0.39288928280087626,0.6716451601409585
6,Average Commute Time by Transit,0.8422004582068788,coeff_04,-3.065964960103097,-1.672661370548382
6,Average Commute Time by Transit,0.8422004582068788,coeff_05,-0.7406139026798819,-1.3076205421434235
6,Average Commute Time by Transit,0.8422004582068788,coeff_06,6.84138661058199,2.397808518009836
6,Average Commute Time by Transit,0.8422004582068788,coeff_07,4.211922034485965,11.21087902132084
6,Average Commute Time by Transit,0.8422004582068788,coeff_08,-16.685379772282012,-2.9155644698289294
6,Average Commute Time by Transit,0.8422004582068788,coeff_09,-0.7869126071615686,-0.6931969707486045
6,Average Commute Time by Transit,0.8422004582068788,coeff_10,1.3488103041648134,
6,Average Commute Time by Transit,0.8422004582068788,coeff_11,-1.348810304164788,
6,Average Commute Time by Transit,0.8422004582068788,coeff_12,1.7754049471002376,
6,Average Commute Time by Transit,0.8422004582068788,coeff_13,-1.211914387046535,
6,Average Commute Time by Transit,0.8422004582068788,coeff_14,-0.5634905600537776,
6,Average Commute Time by Transit,0.8422004582068788,intercept,62.75462612686029,
7,Average Transit Travel Time,0.8845485834348386,coeff_00,-0.6281369455951559,-1.3693029461177784
7,Average Transit Travel Time,0.8845485834348386,coeff_01,-0.38328511220159156,-0.8479846884083057
7,Average Transit Travel Time,0.8845485834348386,coeff_02,-4.521881102285033,-10.032680112605146
7,Average Transit Travel Time,0.8845485834348386,coeff_03,-0.21563277640530235,-0.460572158048927
7,Average Transit Travel Time,0.8845485834348386,coeff_04,-3.674483505071775,-2.5046690032315446
7,Average Transit Travel Time,0.8845485834348386,coeff_05,-0.5296735793481027,-1.1684533650661457
7,Average Transit Travel Time,0.8845485834348386,coeff_06,3.7353494261984905,1.635741976701782
7,Average Transit Travel Time,0.8845485834348386,coeff_07,6.069509468865807,20.184878278012775
7,Average Transit Travel Time,0.8845485834348386,coeff_08,-8.111677672421916,-1.7709668717012537
7,Average Transit Travel Time,0.8845485834348386,coeff_09,-0.23275124910993195,-0.25617419039431233
7,Average Transit Travel Time,0.8845485834348386,coeff_10,1.1995913469414836,
7,Average Transit Travel Time,0.8845485834348386,coeff_11,-1.1995913469414707,
7,Average Transit Travel Time,0.8845485834348386,coeff_12,1.3007766478743816,
7,Average Transit Travel Time,0.8845485834348386,coeff_13,-0.8360407496242966,
7,Average Transit Travel Time,0.8845485834348386,coeff_14,-0.4647358982501242,
7,Average Transit Travel Time,0.8845485834348386,intercept,44.79631947630938,
8,Bike Mode Share,0.9625344977791832,coeff_00,-0.0011944815155331286,-11.818985394947818
8,Bike Mode Share,0.9625344977791832,coeff_01,0.00015548126475130796,1.5613478986326998
8,Bike Mode Share,0.9625344977791832,coeff_02,0.004687619904579217,47.206931778103645
8,Bike Mode Share,0.9625344977791832,coeff_03,-0.0009082675052535369,-8.805463910000215
8,Bike Mode Share,0.9625344977791832,coeff_04,0.00016000747441296184,0.4950509150527167
8,Bike Mode Share,0.9625344977791832,coeff_05,-0.00013358385916019638,-1.3375579818893282
8,Bike Mode Share,0.9625344977791832,coeff_06,-0.0007968353321224587,-1.5838268652884466
8,Bike Mode Share,0.9625344977791832,coeff_07,0.00011181346045544699,1.687804685767194
8,Bike Mode Share,0.9625344977791832,coeff_08,0.006339633910395881,6.282311842447531
8,Bike Mode Share,0.9625344977791832,coeff_09,-0.0003348214219739139,-1.672677237052967
8,Bike Mode Share,0.9625344977791832,coeff_10,4.556706057214365e-06,
8,Bike Mode Share,0.9625344977791832,coeff_11,-4.5567060572228215e-06,
8,Bike Mode Share,0.9625344977791832,coeff_12,-4.626071129324789e-05,
8,Bike Mode Share,0.9625344977791832,coeff_13,7.094325741684735e-06,
8,Bike Mode Share,0.9625344977791832,coeff_14,3.916638555158901e-05,
8,Bike Mode Share,0.9625344977791832,intercept,0.015250280948649733,
9,Carbon monoxide (CO) emissions,0.8782988845259312,coeff_00,1133630364.844296,8.597255400319954
9,Carbon monoxide (CO) emissions,0.8782988845259312,coeff_01,102283017.83285391,0.7872501418790108
9,Carbon monoxide (CO) emissions,0.8782988845259312,coeff_02,585933527.2911117,4.522611989406317
9,Carbon monoxide (CO) emissions,0.8782988845259312,coeff_03,-3160781743.835335,-23.486622569890766
9,Carbon monoxide (CO) emissions,0.8782988845259312,coeff_04,-1244190382.9040048,-2.950421290727605
9,Carbon monoxide (CO) emissions,0.8782988845259312,coeff_05,482572655.0351536,3.7034708991637038
9,Carbon monoxide (CO) emissions,0.8782988845259312,coeff_06,3173012579.824716,4.8339094679004315
9,Carbon monoxide (CO) emissions,0.8782988845259312,coeff_07,-78114882.45791839,-0.903752432740185
9,Carbon monoxide (CO) emissions,0.8782988845259312,coeff_08,-3230561970.012232,-2.4536972863772952
9,Carbon monoxide (CO) emissions,0.8782988845259312,coeff_09,153715672.26949644,0.5885788538799259
9,Carbon monoxide (CO) emissions,0.8782988845259312,coeff_10,-27907866.28155099,
9,Carbon monoxide (CO) emissions,0.8782988845259312,coeff_11,27907866.28155683,
9,Carbon monoxide (CO) emissions,0.8782988845259312,coeff_12,79658978.97648668,
9,Carbon monoxide (CO) emissions,0.8782988845259312,coeff_13,-40351828.33000767,
9,Carbon monoxide (CO) emissions,0.8782988845259312,coeff_14,-39307150.64649624,
9,Carbon monoxide (CO) emissions,0.8782988845259312,intercept,8638856886.973057,
10,Disadvantage Zone Auto Accessibility Peak for Jobs 0,0.8470746807755658,coeff_00,52250.86051197867,19.067074034266746
10,Disadvantage Zone Auto Accessibility Peak for Jobs 0,0.8470746807755658,coeff_01,17920.872934468505,6.636981729510495
10,Disadvantage Zone Auto Accessibility Peak for Jobs 0,0.8470746807755658,coeff_02,35580.75440352142,13.214732606142434
10,Disadvantage Zone Auto Accessibility Peak for Jobs 0,0.8470746807755658,coeff_03,-6813.131771396111,-2.4359877295463126
10,Disadvantage Zone Auto Accessibility Peak for Jobs 0,0.8470746807755658,coeff_04,8498.070759873432,0.9696606760934007
10,Disadvantage Zone Auto Accessibility Peak for Jobs 0,0.8470746807755658,coeff_05,-2337.098569071815,-0.863029228245991
10,Disadvantage Zone Auto Accessibility Peak for Jobs 0,0.8470746807755658,coeff_06,-63170.362444381986,-4.630654027069867
10,Disadvantage Zone Auto Accessibility Peak for Jobs 0,0.8470746807755658,coeff_07,3626.226788885883,2.018705215039851
10,Disadvantage Zone Auto Accessibility Peak for Jobs 0,0.8470746807755658,coeff_08,-12720.026336024162,-0.4648717595819349
10,Disadvantage Zone Auto Accessibility Peak for Jobs 0,0.8470746807755658,coeff_09,-1021.759697258979,-0.18825109959255404
10,Disadvantage Zone Auto Accessibility Peak for Jobs 0,0.8470746807755658,coeff_10,-1479.2313859671603,
10,Disadvantage Zone Auto Accessibility Peak for Jobs 0,0.8470746807755658,coeff_11,1479.2313859671522,
10,Disadvantage Zone Auto Accessibility Peak for Jobs 0,0.8470746807755658,coeff_12,1981.5734552230033,
10,Disadvantage Zone Auto Accessibility Peak for Jobs 0,0.8470746807755658,coeff_13,-1281.8189174700492,
10,Disadvantage Zone Auto Accessibility Peak for Jobs 0,0.8470746807755658,coeff_14,-699.7545377529277,
10,Disadvantage Zone Auto Accessibility Peak for Jobs 0,0.8470746807755658,intercept,358487.9819232237,
11,Disadvantage Zone Auto Accessibility Peak for Jobs 1,0.8571232802322021,coeff_00,-17672.48835933516,-3.4388338995693326
11,Disadvantage Zone Auto Accessibility Peak for Jobs 1,0.8571232802322021,coeff_01,17242.657557790393,3.405168082875082
11,Disadvantage Zone Auto Accessibility Peak for Jobs 1,0.8571232802322021,coeff_02,113332.23618509574,22.4449982137358
11,Disadvantage Zone Auto Accessibility Peak for Jobs 1,0.8571232802322021,coeff_03,-16944.344045005164,-3.230546213173413
11,Disadvantage Zone Auto Accessibility Peak for Jobs 1,0.8571232802322021,coeff_04,80920.71116108986,4.923591584462839
11,Disadvantage Zone Auto Accessibility Peak for Jobs 1,0.8571232802322021,coeff_05,-6426.477913598337,-1.2654482319891538
11,Disadvantage Zone Auto Accessibility Peak for Jobs 1,0.8571232802322021,coeff_06,-71793.88261105563,-2.8063335979144415
11,Disadvantage Zone Auto Accessibility Peak for Jobs 1,0.8571232802322021,coeff_07,6246.2759808900155,1.8542231597661978
11,Disadvantage Zone Auto Accessibility Peak for Jobs 1,0.8571232802322021,coeff_08,27430.38129648396,0.5345642209471695
11,Disadvantage Zone Auto Accessibility Peak for Jobs 1,0.8571232802322021,coeff_09,-4782.559017673173,-0.4698637936277819
11,Disadvantage Zone Auto Accessibility Peak for Jobs 1,0.8571232802322021,coeff_10,-1097.1063677021148,
11,Disadvantage Zone Auto Accessibility Peak for Jobs 1,0.8571232802322021,coeff_11,1097.1063677019802,
11,Disadvantage Zone Auto Accessibility Peak for Jobs 1,0.8571232802322021,coeff_12,2843.3764346264106,
11,Disadvantage Zone Auto Accessibility Peak for Jobs 1,0.8571232802322021,coeff_13,-5237.393942972078,
11,Disadvantage Zone Auto Accessibility Peak for Jobs 1,0.8571232802322021,coeff_14,2394.0175083459108,
11,Disadvantage Zone Auto Accessibility Peak for Jobs 1,0.8571232802322021,intercept,150555.85377314503,
12,Disadvantage Zone Transit Accessibility Peak within 45 Minutes for Jobs 0,0.9610671233409467,coeff_00,8043.793468149132,3.0389046244805584
12,Disadvantage Zone Transit Accessibility Peak within 45 Minutes for Jobs 0,0.9610671233409467,coeff_01,21164.525776996936,8.114944550913803
12,Disadvantage Zone Transit Accessibility Peak within 45 Minutes for Jobs 0,0.9610671233409467,coeff_02,2797.387030831672,1.0756261155436342
12,Disadvantage Zone Transit Accessibility Peak within 45 Minutes for Jobs 0,0.9610671233409467,coeff_03,-2242.3604982581173,-0.8300405225805996
12,Disadvantage Zone Transit Accessibility Peak within 45 Minutes for Jobs 0,0.9610671233409467,coeff_04,5562.6942187746545,0.6571283153355424
12,Disadvantage Zone Transit Accessibility Peak within 45 Minutes for Jobs 0,0.9610671233409467,coeff_05,-555.2421634182114,-0.21227383478609357
12,Disadvantage Zone Transit Accessibility Peak within 45 Minutes for Jobs 0,0.9610671233409467,coeff_06,-11737.488416934912,-0.8907784372494492
12,Disadvantage Zone Transit Accessibility Peak within 45 Minutes for Jobs 0,0.9610671233409467,coeff_07,-81820.76010106583,-47.157090910476654
12,Disadvantage Zone Transit Accessibility Peak within 45 Minutes for Jobs 0,0.9610671233409467,coeff_08,17719.675675600192,0.670450124100772
12,Disadvantage Zone Transit Accessibility Peak within 45 Minutes for Jobs 0,0.9610671233409467,coeff_09,-361.70352719092307,-0.06899332103837066
12,Disadvantage Zone Transit Accessibility Peak within 45 Minutes for Jobs 0,0.9610671233409467,coeff_10,1157.6256600917359,
12,Disadvantage Zone Transit Accessibility Peak within 45 Minutes for Jobs 0,0.9610671233409467,coeff_11,-1157.6256600917545,
12,Disadvantage Zone Transit Accessibility Peak within 45 Minutes for Jobs 0,0.9610671233409467,coeff_12,1074.9925627370349,
12,Disadvantage Zone Transit Accessibility Peak within 45 Minutes for Jobs 0,0.9610671233409467,coeff_13,493.0231989009317,
12,Disadvantage Zone Transit Accessibility Peak within 45 Minutes for Jobs 0,0.9610671233409467,coeff_14,-1568.0157616378783,
12,Disadvantage Zone Transit Accessibility Peak within 45 Minutes for Jobs 0,0.9610671233409467,intercept,197589.10858822323,
13,Disadvantage Zone Transit Accessibility Peak within 45 Minutes for Jobs 1,0.9440657997435383,coeff_00,-2725.384252424406,-2.9418805462876025
13,Disadvantage Zone Transit Accessibility Peak within 45 Minutes for Jobs 1,0.9440657997435383,coeff_01,6954.215030288789,7.618443716612395
13,Disadvantage Zone Transit Accessibility Peak within 45 Minutes for Jobs 1,0.9440657997435383,coeff_02,7080.499265132035,7.7788213301426765
13,Disadvantage Zone Transit Accessibility Peak within 45 Minutes for Jobs 1,0.9440657997435383,coeff_03,-2121.1523537620938,-2.2434007334560953
13,Disadvantage Zone Transit Accessibility Peak within 45 Minutes for Jobs 1,0.9440657997435383,coeff_04,8952.567509587903,3.0217166087993346
13,Disadvantage Zone Transit Accessibility Peak within 45 Minutes for Jobs 1,0.9440657997435383,coeff_05,-868.467726772702,-0.9486561914093875
13,Disadvantage Zone Transit Accessibility Peak within 45 Minutes for Jobs 1,0.9440657997435383,coeff_06,-9244.846781780663,-2.004635283901811
13,Disadvantage Zone Transit Accessibility Peak within 45 Minutes for Jobs 1,0.9440657997435383,coeff_07,-22187.138252541255,-36.53641395214713
13,Disadvantage Zone Transit Accessibility Peak within 45 Minutes for Jobs 1,0.9440657997435383,coeff_08,5649.716984727798,0.6107711757168875
13,Disadvantage Zone Transit Accessibility Peak within 45 Minutes for Jobs 1,0.9440657997435383,coeff_09,-218.55117855150434,-0.11911010096888902
13,Disadvantage Zone Transit Accessibility Peak within 45 Minutes for Jobs 1,0.9440657997435383,coeff_10,244.54437786882363,
13,Disadvantage Zone Transit Accessibility Peak within 45 Minutes for Jobs 1,0.9440657997435383,coeff_11,-244.5443778688391,
13,Disadvantage Zone Transit Accessibility Peak within 45 Minutes for Jobs 1,0.9440657997435383,coeff_12,22.44690938341205,
13,Disadvantage Zone Transit Accessibility Peak within 45 Minutes for Jobs 1,0.9440657997435383,coeff_13,216.1095993984518,
13,Disadvantage Zone Transit Accessibility Peak within 45 Minutes for Jobs 1,0.9440657997435383,coeff_14,-238.55650878182223,
13,Disadvantage Zone Transit Accessibility Peak within 45 Minutes for Jobs 1,0.9440657997435383,intercept,56912.65270811424,
14,Greenhouse gas emissions (CO2) equivalent,0.8178019869200712,coeff_00,408462979037.5871,9.215561821189997
14,Greenhouse gas emissions (CO2) equivalent,0.8178019869200712,coeff_01,24970129805.73979,0.571756054654523
14,Greenhouse gas emissions (CO2) equivalent,0.8178019869200712,coeff_02,67532678585.16042,1.550728305833893
14,Greenhouse gas emissions (CO2) equivalent,0.8178019869200712,coeff_03,-763326489869.7,-16.87396533207074
14,Greenhouse gas emissions (CO2) equivalent,0.8178019869200712,coeff_04,-436781746139.8881,-3.0813599348419984
14,Greenhouse gas emissions (CO2) equivalent,0.8178019869200712,coeff_05,171478310263.37466,3.915039794334485
14,Greenhouse gas emissions (CO2) equivalent,0.8178019869200712,coeff_06,1037682890003.4774,4.702969176599439
14,Greenhouse gas emissions (CO2) equivalent,0.8178019869200712,coeff_07,-23169815693.130478,-0.7974785910398322
14,Greenhouse gas emissions (CO2) equivalent,0.8178019869200712,coeff_08,-959421588116.6584,-2.1678695770145153
14,Greenhouse gas emissions (CO2) equivalent,0.8178019869200712,coeff_09,51781485974.47987,0.589850257589794
14,Greenhouse gas emissions (CO2) equivalent,0.8178019869200712,coeff_10,-7124007395.048634,
14,Greenhouse gas emissions (CO2) equivalent,0.8178019869200712,coeff_11,7124007395.050602,
14,Greenhouse gas emissions (CO2) equivalent,0.8178019869200712,coeff_12,23801986713.333405,
14,Greenhouse gas emissions (CO2) equivalent,0.8178019869200712,coeff_13,-9979252073.793243,
14,Greenhouse gas emissions (CO2) equivalent,0.8178019869200712,coeff_14,-13822734639.54515,
14,Greenhouse gas emissions (CO2) equivalent,0.8178019869200712,intercept,2455802814029.4062,
15,Nitrous oxide (NOx) emissions,0.6657717591144301,coeff_00,102635078.40164289,9.988189171690857
15,Nitrous oxide (NOx) emissions,0.6657717591144301,coeff_01,5209503.771690174,0.5145269809273219
15,Nitrous oxide (NOx) emissions,0.6657717591144301,coeff_02,-4411307.443972774,-0.43692901889759106
15,Nitrous oxide (NOx) emissions,0.6657717591144301,coeff_03,-55812764.864445366,-5.321844491317211
15,Nitrous oxide (NOx) emissions,0.6657717591144301,coeff_04,-111306442.03141478,-3.3870380538266676
15,Nitrous oxide (NOx) emissions,0.6657717591144301,coeff_05,38733891.58425774,3.8145204045969003
15,Nitrous oxide (NOx) emissions,0.6657717591144301,coeff_06,234349919.02899298,4.581356718563769
15,Nitrous oxide (NOx) emissions,0.6657717591144301,coeff_07,-4776019.162826674,-0.7090622079151828
15,Nitrous oxide (NOx) emissions,0.6657717591144301,coeff_08,-194832162.59227017,-1.8989176873978033
15,Nitrous oxide (NOx) emissions,0.6657717591144301,coeff_09,11676355.01961299,0.5737152310103568
15,Nitrous oxide (NOx) emissions,0.6657717591144301,coeff_10,-1121368.2042072264,
15,Nitrous oxide (NOx) emissions,0.6657717591144301,coeff_11,1121368.2042076185,
15,Nitrous oxide (NOx) emissions,0.6657717591144301,coeff_12,3025489.0843879487,
15,Nitrous oxide (NOx) emissions,0.6657717591144301,coeff_13,-968412.7001777785,
15,Nitrous oxide (NOx) emissions,0.6657717591144301,coeff_14,-2057076.384211352,
15,Nitrous oxide (NOx) emissions,0.6657717591144301,intercept,653904004.0793409,
16,PM Travel Time Index,0.8270445803282205,coeff_00,0.21373511820760213,9.441940222429263
16,PM Travel Time Index,0.8270445803282205,coeff_01,0.022990749407554648,1.0307642428803874
16,PM Travel Time Index,0.8270445803282205,coeff_02,-0.38543776986904965,-17.32974821260592
16,PM Travel Time Index,0.8270445803282205,coeff_03,0.06506901808948533,2.816419327924728
16,PM Travel Time Index,0.8270445803282205,coeff_04,-0.4053645016868694,-5.599379589838488
16,PM Travel Time Index,0.8270445803282205,coeff_05,0.027700741392303725,1.2383249484286114
16,PM Travel Time Index,0.8270445803282205,coeff_06,0.22019203302389637,1.954003432334349
16,PM Travel Time Index,0.8270445803282205,coeff_07,-0.021392816775281567,-1.4417191586247344
16,PM Travel Time Index,0.8270445803282205,coeff_08,-0.46486517886066975,-2.056680947704014
16,PM Travel Time Index,0.8270445803282205,coeff_09,0.005990530327030121,0.1336130198291618
16,PM Travel Time Index,0.8270445803282205,coeff_10,0.0031617909032011617,
16,PM Travel Time Index,0.8270445803282205,coeff_11,-0.0031617909032000792,
16,PM Travel Time Index,0.8270445803282205,coeff_12,-0.014204530843135494,
16,PM Travel Time Index,0.8270445803282205,coeff_13,0.025037513383210423,
16,PM Travel Time Index,0.8270445803282205,coeff_14,-0.01083298254007728,
16,PM Travel Time Index,0.8270445803282205,intercept,1.84661833944928,
17,Particulate matter 2.5 micrometers or smaller emissions (PM2.5),0.6972910943798125,coeff_00,11604289.184824444,9.961466684723927
17,Particulate matter 2.5 micrometers or smaller emissions (PM2.5),0.6972910943798125,coeff_01,1088381.826989063,0.9482151310333501
17,Particulate matter 2.5 micrometers or smaller emissions (PM2.5),0.6972910943798125,coeff_02,-5925336.85630052,-5.176907568908359
17,Particulate matter 2.5 micrometers or smaller emissions (PM2.5),0.6972910943798125,coeff_03,-6880290.458481258,-5.786943185155955
17,Particulate matter 2.5 micrometers or smaller emissions (PM2.5),0.6972910943798125,coeff_04,-12662508.411967285,-3.3988603849285486
17,Particulate matter 2.5 micrometers or smaller emissions (PM2.5),0.6972910943798125,coeff_05,3466854.1782819205,3.0116062353504947
17,Particulate matter 2.5 micrometers or smaller emissions (PM2.5),0.6972910943798125,coeff_06,22788649.15346823,3.9297207135889773
17,Particulate matter 2.5 micrometers or smaller emissions (PM2.5),0.6972910943798125,coeff_07,-652813.5823646307,-0.8549117040706897
17,Particulate matter 2.5 micrometers or smaller emissions (PM2.5),0.6972910943798125,coeff_08,-22119811.216383703,-1.9016943131333066
17,Particulate matter 2.5 micrometers or smaller emissions (PM2.5),0.6972910943798125,coeff_09,1347097.1723374024,0.5838507144911051
17,Particulate matter 2.5 micrometers or smaller emissions (PM2.5),0.6972910943798125,coeff_10,-59712.197973473565,
17,Particulate matter 2.5 micrometers or smaller emissions (PM2.5),0.6972910943798125,coeff_11,59712.19797352316,
17,Particulate matter 2.5 micrometers or smaller emissions (PM2.5),0.6972910943798125,coeff_12,31721.950982023525,
17,Particulate matter 2.5 micrometers or smaller emissions (PM2.5),0.6972910943798125,coeff_13,380818.0664344003,
17,Particulate matter 2.5 micrometers or smaller emissions (PM2.5),0.6972910943798125,coeff_14,-412540.01741654705,
17,Particulate matter 2.5 micrometers or smaller emissions (PM2.5),0.6972910943798125,intercept,65151889.1036433,
18,Percentage of Jobs within Quarter Mile,0.8967500159920114,coeff_00,-0.03947977888645222,-18.384207422572903
18,Percentage of Jobs within Quarter Mile,0.8967500159920114,coeff_01,0.044512144846000745,21.036310725998135
18,Percentage of Jobs within Quarter Mile,0.8967500159920114,coeff_02,0.00024223185823693538,0.11480322351609303
18,Percentage of Jobs within Quarter Mile,0.8967500159920114,coeff_03,0.003878701319430182,1.7696779500024362
18,Percentage of Jobs within Quarter Mile,0.8967500159920114,coeff_04,-0.004593219087759076,-0.6687998937659859
18,Percentage of Jobs within Quarter Mile,0.8967500159920114,coeff_05,-0.0013244271865082333,-0.6241028354232112
18,Percentage of Jobs within Quarter Mile,0.8967500159920114,coeff_06,-0.01958716706999661,-1.8322308341294131
18,Percentage of Jobs within Quarter Mile,0.8967500159920114,coeff_07,-0.0026609607566569124,-1.8903229486857802
18,Percentage of Jobs within Quarter Mile,0.8967500159920114,coeff_08,-0.0031106464865623606,-0.14506926329534284
18,Percentage of Jobs within Quarter Mile,0.8967500159920114,coeff_09,0.0012418041107324536,0.2919587130534236
18,Percentage of Jobs within Quarter Mile,0.8967500159920114,coeff_10,0.001114486934352228,
18,Percentage of Jobs within Quarter Mile,0.8967500159920114,coeff_11,-0.0011144869343522202,
18,Percentage of Jobs within Quarter Mile,0.8967500159920114,coeff_12,-0.00046173149157666474,
18,Percentage of Jobs within Quarter Mile,0.8967500159920114,coeff_13,-0.0007270206101234328,
18,Percentage of Jobs within Quarter Mile,0.8967500159920114,coeff_14,0.001188752101700087,
18,Percentage of Jobs within Quarter Mile,0.8967500159920114,intercept,0.6303074293260068,
19,Percentage of Population within Quarter Mile,0.7076256876404938,coeff_00,-0.014333256659892855,-6.90716583179331
19,Percentage of Population within Quarter Mile,0.7076256876404938,coeff_01,0.026312105155016356,12.868604608841329
19,Percentage of Population within Quarter Mile,0.7076256876404938,coeff_02,-0.0001660311843889378,-0.0814324110124543
19,Percentage of Population within Quarter Mile,0.7076256876404938,coeff_03,-1.9354810962776605e-05,-0.0091386415119
19,Percentage of Population within Quarter Mile,0.7076256876404938,coeff_04,-0.0021671777352219954,-0.3265565283422596
19,Percentage of Population within Quarter Mile,0.7076256876404938,coeff_05,0.0015853034345981725,0.7730814897004823
19,Percentage of Population within Quarter Mile,0.7076256876404938,coeff_06,-0.007824399209179139,-0.7574332498726702
19,Percentage of Population within Quarter Mile,0.7076256876404938,coeff_07,-0.001208195138617355,-0.8882177065482069
19,Percentage of Population within Quarter Mile,0.7076256876404938,coeff_08,-0.029216631124590366,-1.4100668108355094
19,Percentage of Population within Quarter Mile,0.7076256876404938,coeff_09,-0.00026892770615964505,-0.0654317748188551
19,Percentage of Population within Quarter Mile,0.7076256876404938,coeff_10,0.0008233777984410356,
19,Percentage of Population within Quarter Mile,0.7076256876404938,coeff_11,-0.0008233777984409983,
19,Percentage of Population within Quarter Mile,0.7076256876404938,coeff_12,-0.0007952619840625392,
19,Percentage of Population within Quarter Mile,0.7076256876404938,coeff_13,-4.5407764836531694e-05,
19,Percentage of Population within Quarter Mile,0.7076256876404938,coeff_14,0.000840669748898959,
19,Percentage of Population within Quarter Mile,0.7076256876404938,intercept,0.3949128334187825,
20,Regional Speed,0.8728668872752359,coeff_00,-2.766334791943574,-7.589920718268755
20,Regional Speed,0.8728668872752359,coeff_01,-0.7872605374612274,-2.1921579296186247
20,Regional Speed,0.8728668872752359,coeff_02,8.406167302586708,23.473786590900563
20,Regional Speed,0.8728668872752359,coeff_03,-0.5430061093962544,-1.4597380159716438
20,Regional Speed,0.8728668872752359,coeff_04,3.983021550419062,3.4170709126932444
20,Regional Speed,0.8728668872752359,coeff_05,0.33806588286278016,0.9386241286911912
20,Regional Speed,0.8728668872752359,coeff_06,-0.3894556933790771,-0.21464902383442916
20,Regional Speed,0.8728668872752359,coeff_07,0.3897761154164972,1.6314548560140294
20,Regional Speed,0.8728668872752359,coeff_08,3.511737845362868,0.964959611832881
20,Regional Speed,0.8728668872752359,coeff_09,-0.5827419632235316,-0.8072479319222844
20,Regional Speed,0.8728668872752359,coeff_10,-0.06253212187801982,
20,Regional Speed,0.8728668872752359,coeff_11,0.06253212187801005,
20,Regional Speed,0.8728668872752359,coeff_12,0.2324324302952699,
20,Regional Speed,0.8728668872752359,coeff_13,-0.4327038031878798,
20,Regional Speed,0.8728668872752359,coeff_14,0.20027137289262786,
20,Regional Speed,0.8728668872752359,intercept,37.297785936452755,
21,Regional VHT,0.7034640356415003,coeff_00,162196.14194969262,10.364612832109115
21,Regional VHT,0.7034640356415003,coeff_01,14203.743559611326,0.9211624849387388
21,Regional VHT,0.7034640356415003,coeff_02,-109683.07170185166,-7.133534905012549
21,Regional VHT,0.7034640356415003,coeff_03,35294.4664912849,2.2098199376529593
21,Regional VHT,0.7034640356415003,coeff_04,-190461.3922575153,-3.805645698677136
21,Regional VHT,0.7034640356415003,coeff_05,46638.83070940542,3.0159079818722
21,Regional VHT,0.7034640356415003,coeff_06,315593.7774520644,4.051159625668947
21,Regional VHT,0.7034640356415003,coeff_07,-8251.481265355684,-0.8043995506415099
21,Regional VHT,0.7034640356415003,coeff_08,-283305.7194035783,-1.8131029066502522
21,Regional VHT,0.7034640356415003,coeff_09,15924.287596786466,0.5137723457183389
21,Regional VHT,0.7034640356415003,coeff_10,-786.0979517488004,
21,Regional VHT,0.7034640356415003,coeff_11,786.0979517494261,
21,Regional VHT,0.7034640356415003,coeff_12,703.133590248045,
21,Regional VHT,0.7034640356415003,coeff_13,2748.256038199377,
21,Regional VHT,0.7034640356415003,coeff_14,-3451.3896284489456,
21,Regional VHT,0.7034640356415003,intercept,620152.7801225181,
22,Regional VHTper Capita,0.5144895984794982,coeff_00,-0.010565178580513854,-0.8929323698426411
22,Regional VHTper Capita,0.5144895984794982,coeff_01,0.004568651482574099,0.39187775371500966
22,Regional VHTper Capita,0.5144895984794982,coeff_02,-0.08407092037754905,-7.231695790703843
22,Regional VHTper Capita,0.5144895984794982,coeff_03,0.03245378516487477,2.6874771703642675
22,Regional VHTper Capita,0.5144895984794982,coeff_04,-0.14949268860352447,-3.950667795778697
22,Regional VHTper Capita,0.5144895984794982,coeff_05,0.03568511030695259,3.0520148141148358
22,Regional VHTper Capita,0.5144895984794982,coeff_06,0.2489859727797461,4.227221118352597
22,Regional VHTper Capita,0.5144895984794982,coeff_07,-0.010292954700337994,-1.3271167282709058
22,Regional VHTper Capita,0.5144895984794982,coeff_08,-0.19265907066174756,-1.63074379109635
22,Regional VHTper Capita,0.5144895984794982,coeff_09,0.010998227584441068,0.4693129895576219
22,Regional VHTper Capita,0.5144895984794982,coeff_10,0.0018659874878367462,
22,Regional VHTper Capita,0.5144895984794982,coeff_11,-0.0018659874878362709,
22,Regional VHTper Capita,0.5144895984794982,coeff_12,0.0001136713553369752,
22,Regional VHTper Capita,0.5144895984794982,coeff_13,0.0003929554934156941,
22,Regional VHTper Capita,0.5144895984794982,coeff_14,-0.0005066268487538394,
22,Regional VHTper Capita,0.5144895984794982,intercept,0.5571001605593149,
23,Regional VMT,0.669360325002929,coeff_00,4805951.350080409,9.9667517666566
23,Regional VMT,0.669360325002929,coeff_01,141618.55743420872,0.29806795894749544
23,Regional VMT,0.669360325002929,coeff_02,863246.2889565198,1.8220555513871683
23,Regional VMT,0.669360325002929,coeff_03,1089655.3810187434,2.2141199317316484
23,Regional VMT,0.669360325002929,coeff_04,-4893466.185360481,-3.1732164575206885
23,Regional VMT,0.669360325002929,coeff_05,2165614.2697467254,4.544783976458322
23,Regional VMT,0.669360325002929,coeff_06,12340583.412803166,5.141008519640478
23,Regional VMT,0.669360325002929,coeff_07,-182342.95618137575,-0.5768867980539225
23,Regional VMT,0.669360325002929,coeff_08,-8229059.773382124,-1.7091455021391297
23,Regional VMT,0.669360325002929,coeff_09,491352.43680900295,0.5144764899700812
23,Regional VMT,0.669360325002929,coeff_10,-68556.26221409021,
23,Regional VMT,0.669360325002929,coeff_11,68556.26221410694,
23,Regional VMT,0.669360325002929,coeff_12,225753.38430182962,
23,Regional VMT,0.669360325002929,coeff_13,-200251.15207222468,
23,Regional VMT,0.669360325002929,coeff_14,-25502.232229652232,
23,Regional VMT,0.669360325002929,intercept,22843903.849118568,
24,Regional VMT per Capita,0.5656934961681686,coeff_00,-1.881596203453475,-5.164261165508029
24,Regional VMT per Capita,0.5656934961681686,coeff_01,-0.12289206600133018,-0.34231542589738473
24,Regional VMT per Capita,0.5656934961681686,coeff_02,0.7276087231367635,2.0325081150903137
24,Regional VMT per Capita,0.5656934961681686,coeff_03,1.0723942474546977,2.8838584959167863
24,Regional VMT per Capita,0.5656934961681686,coeff_04,-4.035582944089114,-3.4633539789194114
24,Regional VMT per Capita,0.5656934961681686,coeff_05,1.6421749882107632,4.5609894874335595
24,Regional VMT per Capita,0.5656934961681686,coeff_06,9.747108440080957,5.373978528992748
24,Regional VMT per Capita,0.5656934961681686,coeff_07,-0.30814881330381866,-1.2902373387029153
24,Regional VMT per Capita,0.5656934961681686,coeff_08,-5.529836466024773,-1.520017559676552
24,Regional VMT per Capita,0.5656934961681686,coeff_09,0.3697141210615651,0.5123254797291124
24,Regional VMT per Capita,0.5656934961681686,coeff_10,0.03884317662803902,
24,Regional VMT per Capita,0.5656934961681686,coeff_11,-0.03884317662802608,
24,Regional VMT per Capita,0.5656934961681686,coeff_12,0.16334365747547325,
24,Regional VMT per Capita,0.5656934961681686,coeff_13,-0.225567207255934,
24,Regional VMT per Capita,0.5656934961681686,coeff_14,0.062223549780424076,
24,Regional VMT per Capita,0.5656934961681686,intercept,20.917031232545522,
25,Transit Accessibility Off Peak within 45 Minutes,0.9223753722552266,coeff_00,725.7367322484271,0.42631184878806355
25,Transit Accessibility Off Peak within 45 Minutes,0.9223753722552266,coeff_01,7059.936316693811,4.208912895534172
25,Transit Accessibility Off Peak within 45 Minutes,0.9223753722552266,coeff_02,917.0023926716676,0.5482408466992053
25,Transit Accessibility Off Peak within 45 Minutes,0.9223753722552266,coeff_03,-1340.1155330754734,-0.7713087206830067
25,Transit Accessibility Off Peak within 45 Minutes,0.9223753722552266,coeff_04,2956.548425653702,0.54305289110423
25,Transit Accessibility Off Peak within 45 Minutes,0.9223753722552266,coeff_05,-1241.9004162338679,-0.7382321252708498
25,Transit Accessibility Off Peak within 45 Minutes,0.9223753722552266,coeff_06,-4104.451727071775,-0.4843304910277507
25,Transit Accessibility Off Peak within 45 Minutes,0.9223753722552266,coeff_07,-36751.86727437777,-32.93480112626364
25,Transit Accessibility Off Peak within 45 Minutes,0.9223753722552266,coeff_08,11753.498188518792,0.6914646639960911
25,Transit Accessibility Off Peak within 45 Minutes,0.9223753722552266,coeff_09,1113.993511381737,0.3303916840195211
25,Transit Accessibility Off Peak within 45 Minutes,0.9223753722552266,coeff_10,618.1544426740257,
25,Transit Accessibility Off Peak within 45 Minutes,0.9223753722552266,coeff_11,-618.1544426740414,
25,Transit Accessibility Off Peak within 45 Minutes,0.9223753722552266,coeff_12,154.05959521015166,
25,Transit Accessibility Off Peak within 45 Minutes,0.9223753722552266,coeff_13,540.6780640009752,
25,Transit Accessibility Off Peak within 45 Minutes,0.9223753722552266,coeff_14,-694.7376592110709,
25,Transit Accessibility Off Peak within 45 Minutes,0.9223753722552266,intercept,76289.63492482089,
26,Transit Accessibility Peak,0.8982969131476871,coeff_00,-15.394677962322122,-0.19749724868291293
26,Transit Accessibility Peak,0.8982969131476871,coeff_01,223.1376549046404,2.9052543613894914
26,Transit Accessibility Peak,0.8982969131476871,coeff_02,328.2198072594302,4.285562663011104
26,Transit Accessibility Peak,0.8982969131476871,coeff_03,-115.75211216012019,-1.45498014860566
26,Transit Accessibility Peak,0.8982969131476871,coeff_04,476.25383802208245,1.910459189324175
26,Transit Accessibility Peak,0.8982969131476871,coeff_05,-74.18282554888044,-0.9630563111734324
26,Transit Accessibility Peak,0.8982969131476871,coeff_06,-372.7198790117761,-0.9605309386582387
26,Transit Accessibility Peak,0.8982969131476871,coeff_07,-1401.2335022409868,-27.423841560974388
26,Transit Accessibility Peak,0.8982969131476871,coeff_08,441.25755916723875,0.5669400631110514
26,Transit Accessibility Peak,0.8982969131476871,coeff_09,-11.86692973266328,-0.07686470416510482
26,Transit Accessibility Peak,0.8982969131476871,coeff_10,12.069903264930488,
26,Transit Accessibility Peak,0.8982969131476871,coeff_11,-12.069903264931455,
26,Transit Accessibility Peak,0.8982969131476871,coeff_12,-8.127402950904461,
26,Transit Accessibility Peak,0.8982969131476871,coeff_13,29.107180834936926,
26,Transit Accessibility Peak,0.8982969131476871,coeff_14,-20.979777884029744,
26,Transit Accessibility Peak,0.8982969131476871,intercept,3245.7722947364114,
27,Transit Mode Share,0.963846096656995,coeff_00,-0.0011604006355422193,-3.3487311994778906
27,Transit Mode Share,0.963846096656995,coeff_01,0.001014882915783597,2.972412835962325
27,Transit Mode Share,0.963846096656995,coeff_02,0.012542822588841096,36.840051784039815
27,Transit Mode Share,0.963846096656995,coeff_03,-0.000840019515854892,-2.375195755126897
27,Transit Mode Share,0.963846096656995,coeff_04,-0.002435603080533473,-2.197797524595007
27,Transit Mode Share,0.963846096656995,coeff_05,-0.0003001651443019704,-0.8765777831053098
27,Transit Mode Share,0.963846096656995,coeff_06,0.0010882881407789477,0.6308913706405321
27,Transit Mode Share,0.963846096656995,coeff_07,-0.006096813507148294,-26.84124019792008
27,Transit Mode Share,0.963846096656995,coeff_08,0.0027113020461227736,0.7836186798699617
27,Transit Mode Share,0.963846096656995,coeff_09,0.000985036813748857,1.4352347462114954
27,Transit Mode Share,0.963846096656995,coeff_10,0.0009115883676363457,
27,Transit Mode Share,0.963846096656995,coeff_11,-0.0009115883676363466,
27,Transit Mode Share,0.963846096656995,coeff_12,0.0009436660503461703,
27,Transit Mode Share,0.963846096656995,coeff_13,-0.0003826503668153125,
27,Transit Mode Share,0.963846096656995,coeff_14,-0.0005610156835308489,
27,Transit Mode Share,0.963846096656995,intercept,0.01681170792345905,
28,Transit PMT,0.917602710218075,coeff_00,14950.557590497121,2.6729115844194204
28,Transit PMT,0.917602710218075,coeff_01,7070.57567091877,1.282929623747541
28,Transit PMT,0.917602710218075,coeff_02,124562.10456076282,22.665523923982924
28,Transit PMT,0.917602710218075,coeff_03,-9853.139764596719,-1.725995059437897
28,Transit PMT,0.917602710218075,coeff_04,-26615.530293921853,-1.4878911527095122
28,Transit PMT,0.917602710218075,coeff_05,-3980.6620610932514,-0.7201788809873836
28,Transit PMT,0.917602710218075,coeff_06,24333.394446194983,0.8739131195753935
28,Transit PMT,0.917602710218075,coeff_07,-69436.16193104327,-18.938267544267084
28,Transit PMT,0.917602710218075,coeff_08,-27126.23303879811,-0.48570350703754683
28,Transit PMT,0.917602710218075,coeff_09,14777.912373898605,1.333946579698181
28,Transit PMT,0.917602710218075,coeff_10,10731.012562364449,
28,Transit PMT,0.917602710218075,coeff_11,-10731.012562364398,
28,Transit PMT,0.917602710218075,coeff_12,12384.601422809359,
28,Transit PMT,0.917602710218075,coeff_13,-5218.844922266748,
28,Transit PMT,0.917602710218075,coeff_14,-7165.756500542753,
28,Transit PMT,0.917602710218075,intercept,152722.8709818956,
29,Volatile organic compounds (VOC) emissions,0.9202114135196962,coeff_00,51354305.27224257,5.595923579068979
29,Volatile organic compounds (VOC) emissions,0.9202114135196962,coeff_01,4666085.985578306,0.5160223473376496
29,Volatile organic compounds (VOC) emissions,0.9202114135196962,coeff_02,-3365643.8885113522,-0.3732636520520013
29,Volatile organic compounds (VOC) emissions,0.9202114135196962,coeff_03,-294540247.17676544,-31.446858426839302
29,Volatile organic compounds (VOC) emissions,0.9202114135196962,coeff_04,-68354998.73854582,-2.3290243597683955
29,Volatile organic compounds (VOC) emissions,0.9202114135196962,coeff_05,19230124.27487476,2.1204833972623023
29,Volatile organic compounds (VOC) emissions,0.9202114135196962,coeff_06,158829025.62058884,3.476667423261416
29,Volatile organic compounds (VOC) emissions,0.9202114135196962,coeff_07,-4379751.821941712,-0.7280676855077668
29,Volatile organic compounds (VOC) emissions,0.9202114135196962,coeff_08,-231850427.8108529,-2.5302146501835723
29,Volatile organic compounds (VOC) emissions,0.9202114135196962,coeff_09,15373144.71538857,0.8457768226013678
29,Volatile organic compounds (VOC) emissions,0.9202114135196962,coeff_10,-2214603.4354239265,
29,Volatile organic compounds (VOC) emissions,0.9202114135196962,coeff_11,2214603.4354243176,
29,Volatile organic compounds (VOC) emissions,0.9202114135196962,coeff_12,1995462.8437362714,
29,Volatile organic compounds (VOC) emissions,0.9202114135196962,coeff_13,2178358.1375193205,
29,Volatile organic compounds (VOC) emissions,0.9202114135196962,coeff_14,-4173820.981256705,
29,Volatile organic compounds (VOC) emissions,0.9202114135196962,intercept,1090228674.8482068,
30,Walk Mode Share,0.9027909556701647,coeff_00,0.0016290386445430227,6.688146997664876
30,Walk Mode Share,0.9027909556701647,coeff_01,-0.00151709483481215,-6.321323386310963
30,Walk Mode Share,0.9027909556701647,coeff_02,0.005152894328807422,21.53169807987508
30,Walk Mode Share,0.9027909556701647,coeff_03,-0.0031938538026759717,-12.847752377128982
30,Walk Mode Share,0.9027909556701647,coeff_04,0.010761750701820796,13.81548657107676
30,Walk Mode Share,0.9027909556701647,coeff_05,0.0003330669081845304,1.383769575031398
30,Walk Mode Share,0.9027909556701647,coeff_06,0.0033049376720918735,2.7256874627244922
30,Walk Mode Share,0.9027909556701647,coeff_07,5.98733349350405e-05,0.37500340336352384
30,Walk Mode Share,0.9027909556701647,coeff_08,0.018570067127201682,7.635587256774877
30,Walk Mode Share,0.9027909556701647,coeff_09,-0.0007289719846413962,-1.5110659131924074
30,Walk Mode Share,0.9027909556701647,coeff_10,-0.00011365091670876925,
30,Walk Mode Share,0.9027909556701647,coeff_11,0.00011365091670873867,
30,Walk Mode Share,0.9027909556701647,coeff_12,0.0001279194256533944,
30,Walk Mode Share,0.9027909556701647,coeff_13,-0.00017842689639034132,
30,Walk Mode Share,0.9027909556701647,coeff_14,5.050747073702465e-05,
30,Walk Mode Share,0.9027909556701647,intercept,0.11176463338288194,
