"MOVESRunID","iterationID","yearID","monthID","dayID","hourID","stateID","countyID","zoneID","linkID","sourceTypeID","regClassID","fuelTypeID","fuelSubTypeID","modelYearID","roadTypeID","SCC","engTechID","sectorID","hpID","activityTypeID","activity","activityMean","activitySigma"
"1","1","2022","0","0",\N,"4","4019",\N,\N,"62",\N,\N,\N,\N,"1",\N,\N,\N,\N,"6","3272.77",\N,\N
"1","1","2022","0","0",\N,"4","4019",\N,\N,"61",\N,\N,\N,\N,"1",\N,\N,\N,\N,"6","2195.12",\N,\N
"1","1","2022","0","0",\N,"4","4019",\N,\N,"54",\N,\N,\N,\N,"1",\N,\N,\N,\N,"6","1979.75",\N,\N
"1","1","2022","0","0",\N,"4","4019",\N,\N,"53",\N,\N,\N,\N,"1",\N,\N,\N,\N,"6","907.362",\N,\N
"1","1","2022","0","0",\N,"4","4019",\N,\N,"52",\N,\N,\N,\N,"1",\N,\N,\N,\N,"6","20132.4",\N,\N
"1","1","2022","0","0",\N,"4","4019",\N,\N,"51",\N,\N,\N,\N,"1",\N,\N,\N,\N,"6","143.642",\N,\N
"1","1","2022","0","0",\N,"4","4019",\N,\N,"43",\N,\N,\N,\N,"1",\N,\N,\N,\N,"6","1157.65",\N,\N
"1","1","2022","0","0",\N,"4","4019",\N,\N,"42",\N,\N,\N,\N,"1",\N,\N,\N,\N,"6","280.401",\N,\N
"1","1","2022","0","0",\N,"4","4019",\N,\N,"41",\N,\N,\N,\N,"1",\N,\N,\N,\N,"6","858.521",\N,\N
"1","1","2022","0","0",\N,"4","4019",\N,\N,"32",\N,\N,\N,\N,"1",\N,\N,\N,\N,"6","39195.7",\N,\N
"1","1","2022","0","0",\N,"4","4019",\N,\N,"31",\N,\N,\N,\N,"1",\N,\N,\N,\N,"6","318365",\N,\N
"1","1","2022","0","0",\N,"4","4019",\N,\N,"21",\N,\N,\N,\N,"1",\N,\N,\N,\N,"6","309985",\N,\N
"1","1","2022","0","0",\N,"4","4019",\N,\N,"11",\N,\N,\N,\N,"1",\N,\N,\N,\N,"6","23317.1",\N,\N
"1","1","2022","12","5",\N,"4","4019",\N,\N,"62",\N,\N,\N,\N,"1",\N,\N,\N,\N,"15","604.884",\N,\N
"1","1","2022","12","5",\N,"4","4019",\N,\N,"62",\N,\N,\N,\N,"1",\N,\N,\N,\N,"14","38.5905",\N,\N
"1","1","2022","12","5",\N,"4","4019",\N,\N,"62",\N,\N,\N,\N,"1",\N,\N,\N,\N,"13","264.866",\N,\N
"1","1","2022","12","5",\N,"4","4019",\N,\N,"62",\N,\N,\N,\N,"1",\N,\N,\N,\N,"7","2314.2",\N,\N
"1","1","2022","12","5",\N,"4","4019",\N,\N,"61",\N,\N,\N,\N,"1",\N,\N,\N,\N,"7","16081.8",\N,\N
"1","1","2022","12","5",\N,"4","4019",\N,\N,"54",\N,\N,\N,\N,"1",\N,\N,\N,\N,"7","1044.18",\N,\N
"1","1","2022","12","5",\N,"4","4019",\N,\N,"53",\N,\N,\N,\N,"1",\N,\N,\N,\N,"7","1299.89",\N,\N
"1","1","2022","12","5",\N,"4","4019",\N,\N,"52",\N,\N,\N,\N,"1",\N,\N,\N,\N,"7","441238",\N,\N
"1","1","2022","12","5",\N,"4","4019",\N,\N,"51",\N,\N,\N,\N,"1",\N,\N,\N,\N,"7","269.836",\N,\N
"1","1","2022","12","5",\N,"4","4019",\N,\N,"43",\N,\N,\N,\N,"1",\N,\N,\N,\N,"7","4956.02",\N,\N
"1","1","2022","12","5",\N,"4","4019",\N,\N,"42",\N,\N,\N,\N,"1",\N,\N,\N,\N,"7","2037.46",\N,\N
"1","1","2022","12","5",\N,"4","4019",\N,\N,"41",\N,\N,\N,\N,"1",\N,\N,\N,\N,"7","5600.71",\N,\N
"1","1","2022","12","5",\N,"4","4019",\N,\N,"32",\N,\N,\N,\N,"1",\N,\N,\N,\N,"7","154866",\N,\N
"1","1","2022","12","5",\N,"4","4019",\N,\N,"31",\N,\N,\N,\N,"1",\N,\N,\N,\N,"7","1246360",\N,\N
"1","1","2022","12","5",\N,"4","4019",\N,\N,"21",\N,\N,\N,\N,"1",\N,\N,\N,\N,"7","1069780",\N,\N
"1","1","2022","12","5",\N,"4","4019",\N,\N,"11",\N,\N,\N,\N,"1",\N,\N,\N,\N,"7","752.833",\N,\N
"1","1","2022","12","5",\N,"4","4019",\N,\N,"62",\N,\N,\N,\N,"1",\N,\N,\N,\N,"5","90370.6",\N,\N
"1","1","2022","12","5",\N,"4","4019",\N,\N,"61",\N,\N,\N,\N,"1",\N,\N,\N,\N,"5","61818.8",\N,\N
"1","1","2022","12","5",\N,"4","4019",\N,\N,"54",\N,\N,\N,\N,"1",\N,\N,\N,\N,"5","54154.2",\N,\N
"1","1","2022","12","5",\N,"4","4019",\N,\N,"53",\N,\N,\N,\N,"1",\N,\N,\N,\N,"5","23068.9",\N,\N
"1","1","2022","12","5",\N,"4","4019",\N,\N,"52",\N,\N,\N,\N,"1",\N,\N,\N,\N,"5","532253",\N,\N
"1","1","2022","12","5",\N,"4","4019",\N,\N,"51",\N,\N,\N,\N,"1",\N,\N,\N,\N,"5","3720.28",\N,\N
"1","1","2022","12","5",\N,"4","4019",\N,\N,"43",\N,\N,\N,\N,"1",\N,\N,\N,\N,"5","30085.6",\N,\N
"1","1","2022","12","5",\N,"4","4019",\N,\N,"42",\N,\N,\N,\N,"1",\N,\N,\N,\N,"5","6445.27",\N,\N
"1","1","2022","12","5",\N,"4","4019",\N,\N,"41",\N,\N,\N,\N,"1",\N,\N,\N,\N,"5","19872.6",\N,\N
"1","1","2022","12","5",\N,"4","4019",\N,\N,"32",\N,\N,\N,\N,"1",\N,\N,\N,\N,"5","897613",\N,\N
"1","1","2022","12","5",\N,"4","4019",\N,\N,"31",\N,\N,\N,\N,"1",\N,\N,\N,\N,"5","7687910",\N,\N
"1","1","2022","12","5",\N,"4","4019",\N,\N,"21",\N,\N,\N,\N,"1",\N,\N,\N,\N,"5","6979650",\N,\N
"1","1","2022","12","5",\N,"4","4019",\N,\N,"11",\N,\N,\N,\N,"1",\N,\N,\N,\N,"5","566299",\N,\N
"1","1","2022","12","5",\N,"4","4019",\N,\N,"62",\N,\N,\N,\N,"5",\N,\N,\N,\N,"4","10156.7",\N,\N
"1","1","2022","12","5",\N,"4","4019",\N,\N,"61",\N,\N,\N,\N,"5",\N,\N,\N,\N,"4","4080.12",\N,\N
"1","1","2022","12","5",\N,"4","4019",\N,\N,"54",\N,\N,\N,\N,"5",\N,\N,\N,\N,"4","673.264",\N,\N
"1","1","2022","12","5",\N,"4","4019",\N,\N,"53",\N,\N,\N,\N,"5",\N,\N,\N,\N,"4","1104.11",\N,\N
"1","1","2022","12","5",\N,"4","4019",\N,\N,"52",\N,\N,\N,\N,"5",\N,\N,\N,\N,"4","18116.9",\N,\N
"1","1","2022","12","5",\N,"4","4019",\N,\N,"51",\N,\N,\N,\N,"5",\N,\N,\N,\N,"4","177.13",\N,\N
"1","1","2022","12","5",\N,"4","4019",\N,\N,"43",\N,\N,\N,\N,"5",\N,\N,\N,\N,"4","868.908",\N,\N
"1","1","2022","12","5",\N,"4","4019",\N,\N,"42",\N,\N,\N,\N,"5",\N,\N,\N,\N,"4","616.776",\N,\N
"1","1","2022","12","5",\N,"4","4019",\N,\N,"41",\N,\N,\N,\N,"5",\N,\N,\N,\N,"4","1873.27",\N,\N
"1","1","2022","12","5",\N,"4","4019",\N,\N,"32",\N,\N,\N,\N,"5",\N,\N,\N,\N,"4","37143.2",\N,\N
"1","1","2022","12","5",\N,"4","4019",\N,\N,"31",\N,\N,\N,\N,"5",\N,\N,\N,\N,"4","286635",\N,\N
"1","1","2022","12","5",\N,"4","4019",\N,\N,"21",\N,\N,\N,\N,"5",\N,\N,\N,\N,"4","263172",\N,\N
"1","1","2022","12","5",\N,"4","4019",\N,\N,"11",\N,\N,\N,\N,"5",\N,\N,\N,\N,"4","1291.2",\N,\N
"1","1","2022","12","5",\N,"4","4019",\N,\N,"62",\N,\N,\N,\N,"4",\N,\N,\N,\N,"4","4760.22",\N,\N
"1","1","2022","12","5",\N,"4","4019",\N,\N,"61",\N,\N,\N,\N,"4",\N,\N,\N,\N,"4","1167.57",\N,\N
"1","1","2022","12","5",\N,"4","4019",\N,\N,"54",\N,\N,\N,\N,"4",\N,\N,\N,\N,"4","106.654",\N,\N
"1","1","2022","12","5",\N,"4","4019",\N,\N,"53",\N,\N,\N,\N,"4",\N,\N,\N,\N,"4","209.243",\N,\N
"1","1","2022","12","5",\N,"4","4019",\N,\N,"52",\N,\N,\N,\N,"4",\N,\N,\N,\N,"4","3185.03",\N,\N
"1","1","2022","12","5",\N,"4","4019",\N,\N,"51",\N,\N,\N,\N,"4",\N,\N,\N,\N,"4","32.8021",\N,\N
"1","1","2022","12","5",\N,"4","4019",\N,\N,"43",\N,\N,\N,\N,"4",\N,\N,\N,\N,"4","121.704",\N,\N
"1","1","2022","12","5",\N,"4","4019",\N,\N,"42",\N,\N,\N,\N,"4",\N,\N,\N,\N,"4","106.79",\N,\N
"1","1","2022","12","5",\N,"4","4019",\N,\N,"41",\N,\N,\N,\N,"4",\N,\N,\N,\N,"4","268.768",\N,\N
"1","1","2022","12","5",\N,"4","4019",\N,\N,"32",\N,\N,\N,\N,"4",\N,\N,\N,\N,"4","5760.74",\N,\N
"1","1","2022","12","5",\N,"4","4019",\N,\N,"31",\N,\N,\N,\N,"4",\N,\N,\N,\N,"4","40480.1",\N,\N
"1","1","2022","12","5",\N,"4","4019",\N,\N,"21",\N,\N,\N,\N,"4",\N,\N,\N,\N,"4","39810.9",\N,\N
"1","1","2022","12","5",\N,"4","4019",\N,\N,"11",\N,\N,\N,\N,"4",\N,\N,\N,\N,"4","149.184",\N,\N
"1","1","2022","12","5",\N,"4","4019",\N,\N,"62",\N,\N,\N,\N,"3",\N,\N,\N,\N,"4","1237.69",\N,\N
"1","1","2022","12","5",\N,"4","4019",\N,\N,"61",\N,\N,\N,\N,"3",\N,\N,\N,\N,"4","430.849",\N,\N
"1","1","2022","12","5",\N,"4","4019",\N,\N,"54",\N,\N,\N,\N,"3",\N,\N,\N,\N,"4","44.5892",\N,\N
"1","1","2022","12","5",\N,"4","4019",\N,\N,"53",\N,\N,\N,\N,"3",\N,\N,\N,\N,"4","74.212",\N,\N
"1","1","2022","12","5",\N,"4","4019",\N,\N,"52",\N,\N,\N,\N,"3",\N,\N,\N,\N,"4","1171.24",\N,\N
"1","1","2022","12","5",\N,"4","4019",\N,\N,"51",\N,\N,\N,\N,"3",\N,\N,\N,\N,"4","11.2604",\N,\N
"1","1","2022","12","5",\N,"4","4019",\N,\N,"43",\N,\N,\N,\N,"3",\N,\N,\N,\N,"4","51.937",\N,\N
"1","1","2022","12","5",\N,"4","4019",\N,\N,"42",\N,\N,\N,\N,"3",\N,\N,\N,\N,"4","28.5482",\N,\N
"1","1","2022","12","5",\N,"4","4019",\N,\N,"41",\N,\N,\N,\N,"3",\N,\N,\N,\N,"4","88.7654",\N,\N
"1","1","2022","12","5",\N,"4","4019",\N,\N,"32",\N,\N,\N,\N,"3",\N,\N,\N,\N,"4","1422.71",\N,\N
"1","1","2022","12","5",\N,"4","4019",\N,\N,"31",\N,\N,\N,\N,"3",\N,\N,\N,\N,"4","13673.4",\N,\N
"1","1","2022","12","5",\N,"4","4019",\N,\N,"21",\N,\N,\N,\N,"3",\N,\N,\N,\N,"4","8892.73",\N,\N
"1","1","2022","12","5",\N,"4","4019",\N,\N,"11",\N,\N,\N,\N,"3",\N,\N,\N,\N,"4","57.2113",\N,\N
"1","1","2022","12","5",\N,"4","4019",\N,\N,"62",\N,\N,\N,\N,"2",\N,\N,\N,\N,"4","2679.26",\N,\N
"1","1","2022","12","5",\N,"4","4019",\N,\N,"61",\N,\N,\N,\N,"2",\N,\N,\N,\N,"4","354.674",\N,\N
"1","1","2022","12","5",\N,"4","4019",\N,\N,"54",\N,\N,\N,\N,"2",\N,\N,\N,\N,"4","29.4847",\N,\N
"1","1","2022","12","5",\N,"4","4019",\N,\N,"53",\N,\N,\N,\N,"2",\N,\N,\N,\N,"4","49.4795",\N,\N
"1","1","2022","12","5",\N,"4","4019",\N,\N,"52",\N,\N,\N,\N,"2",\N,\N,\N,\N,"4","733.155",\N,\N
"1","1","2022","12","5",\N,"4","4019",\N,\N,"51",\N,\N,\N,\N,"2",\N,\N,\N,\N,"4","7.19139",\N,\N
"1","1","2022","12","5",\N,"4","4019",\N,\N,"43",\N,\N,\N,\N,"2",\N,\N,\N,\N,"4","32.1329",\N,\N
"1","1","2022","12","5",\N,"4","4019",\N,\N,"42",\N,\N,\N,\N,"2",\N,\N,\N,\N,"4","20.164",\N,\N
"1","1","2022","12","5",\N,"4","4019",\N,\N,"41",\N,\N,\N,\N,"2",\N,\N,\N,\N,"4","63.8486",\N,\N
"1","1","2022","12","5",\N,"4","4019",\N,\N,"32",\N,\N,\N,\N,"2",\N,\N,\N,\N,"4","738.852",\N,\N
"1","1","2022","12","5",\N,"4","4019",\N,\N,"31",\N,\N,\N,\N,"2",\N,\N,\N,\N,"4","6765.14",\N,\N
"1","1","2022","12","5",\N,"4","4019",\N,\N,"21",\N,\N,\N,\N,"2",\N,\N,\N,\N,"4","4825.88",\N,\N
"1","1","2022","12","5",\N,"4","4019",\N,\N,"11",\N,\N,\N,\N,"2",\N,\N,\N,\N,"4","23.9188",\N,\N
"1","1","2022","12","5",\N,"4","4019",\N,\N,"62",\N,\N,\N,\N,"1",\N,\N,\N,\N,"4","1640.11",\N,\N
"1","1","2022","12","5",\N,"4","4019",\N,\N,"61",\N,\N,\N,\N,"1",\N,\N,\N,\N,"4","2242.77",\N,\N
"1","1","2022","12","5",\N,"4","4019",\N,\N,"54",\N,\N,\N,\N,"1",\N,\N,\N,\N,"4","0",\N,\N
"1","1","2022","12","5",\N,"4","4019",\N,\N,"53",\N,\N,\N,\N,"1",\N,\N,\N,\N,"4","529.043",\N,\N
"1","1","2022","12","5",\N,"4","4019",\N,\N,"52",\N,\N,\N,\N,"1",\N,\N,\N,\N,"4","8349.97",\N,\N
"1","1","2022","12","5",\N,"4","4019",\N,\N,"51",\N,\N,\N,\N,"1",\N,\N,\N,\N,"4","137.61",\N,\N
"1","1","2022","12","5",\N,"4","4019",\N,\N,"43",\N,\N,\N,\N,"1",\N,\N,\N,\N,"4","102.552",\N,\N
"1","1","2022","12","5",\N,"4","4019",\N,\N,"42",\N,\N,\N,\N,"1",\N,\N,\N,\N,"4","184.13",\N,\N
"1","1","2022","12","5",\N,"4","4019",\N,\N,"41",\N,\N,\N,\N,"1",\N,\N,\N,\N,"4","957.567",\N,\N
"1","1","2022","12","5",\N,"4","4019",\N,\N,"32",\N,\N,\N,\N,"1",\N,\N,\N,\N,"4","5676.08",\N,\N
"1","1","2022","12","5",\N,"4","4019",\N,\N,"31",\N,\N,\N,\N,"1",\N,\N,\N,\N,"4","50341.9",\N,\N
"1","1","2022","12","5",\N,"4","4019",\N,\N,"21",\N,\N,\N,\N,"1",\N,\N,\N,\N,"4","43130.9",\N,\N
"1","1","2022","12","5",\N,"4","4019",\N,\N,"11",\N,\N,\N,\N,"1",\N,\N,\N,\N,"4","0",\N,\N
"1","1","2022","12","5",\N,"4","4019",\N,\N,"62",\N,\N,\N,\N,"1",\N,\N,\N,\N,"3","2116.08",\N,\N
"1","1","2022","12","5",\N,"4","4019",\N,\N,"62",\N,\N,\N,\N,"5",\N,\N,\N,\N,"2","10156.7",\N,\N
"1","1","2022","12","5",\N,"4","4019",\N,\N,"61",\N,\N,\N,\N,"5",\N,\N,\N,\N,"2","4080.12",\N,\N
"1","1","2022","12","5",\N,"4","4019",\N,\N,"54",\N,\N,\N,\N,"5",\N,\N,\N,\N,"2","673.264",\N,\N
"1","1","2022","12","5",\N,"4","4019",\N,\N,"53",\N,\N,\N,\N,"5",\N,\N,\N,\N,"2","1104.11",\N,\N
"1","1","2022","12","5",\N,"4","4019",\N,\N,"52",\N,\N,\N,\N,"5",\N,\N,\N,\N,"2","18116.9",\N,\N
"1","1","2022","12","5",\N,"4","4019",\N,\N,"51",\N,\N,\N,\N,"5",\N,\N,\N,\N,"2","177.13",\N,\N
"1","1","2022","12","5",\N,"4","4019",\N,\N,"43",\N,\N,\N,\N,"5",\N,\N,\N,\N,"2","868.908",\N,\N
"1","1","2022","12","5",\N,"4","4019",\N,\N,"42",\N,\N,\N,\N,"5",\N,\N,\N,\N,"2","616.776",\N,\N
"1","1","2022","12","5",\N,"4","4019",\N,\N,"41",\N,\N,\N,\N,"5",\N,\N,\N,\N,"2","1873.27",\N,\N
"1","1","2022","12","5",\N,"4","4019",\N,\N,"32",\N,\N,\N,\N,"5",\N,\N,\N,\N,"2","37143.2",\N,\N
"1","1","2022","12","5",\N,"4","4019",\N,\N,"31",\N,\N,\N,\N,"5",\N,\N,\N,\N,"2","286635",\N,\N
"1","1","2022","12","5",\N,"4","4019",\N,\N,"21",\N,\N,\N,\N,"5",\N,\N,\N,\N,"2","263172",\N,\N
"1","1","2022","12","5",\N,"4","4019",\N,\N,"11",\N,\N,\N,\N,"5",\N,\N,\N,\N,"2","1291.2",\N,\N
"1","1","2022","12","5",\N,"4","4019",\N,\N,"62",\N,\N,\N,\N,"4",\N,\N,\N,\N,"2","4760.22",\N,\N
"1","1","2022","12","5",\N,"4","4019",\N,\N,"61",\N,\N,\N,\N,"4",\N,\N,\N,\N,"2","1167.57",\N,\N
"1","1","2022","12","5",\N,"4","4019",\N,\N,"54",\N,\N,\N,\N,"4",\N,\N,\N,\N,"2","106.654",\N,\N
"1","1","2022","12","5",\N,"4","4019",\N,\N,"53",\N,\N,\N,\N,"4",\N,\N,\N,\N,"2","209.243",\N,\N
"1","1","2022","12","5",\N,"4","4019",\N,\N,"52",\N,\N,\N,\N,"4",\N,\N,\N,\N,"2","3185.03",\N,\N
"1","1","2022","12","5",\N,"4","4019",\N,\N,"51",\N,\N,\N,\N,"4",\N,\N,\N,\N,"2","32.8021",\N,\N
"1","1","2022","12","5",\N,"4","4019",\N,\N,"43",\N,\N,\N,\N,"4",\N,\N,\N,\N,"2","121.704",\N,\N
"1","1","2022","12","5",\N,"4","4019",\N,\N,"42",\N,\N,\N,\N,"4",\N,\N,\N,\N,"2","106.79",\N,\N
"1","1","2022","12","5",\N,"4","4019",\N,\N,"41",\N,\N,\N,\N,"4",\N,\N,\N,\N,"2","268.768",\N,\N
"1","1","2022","12","5",\N,"4","4019",\N,\N,"32",\N,\N,\N,\N,"4",\N,\N,\N,\N,"2","5760.74",\N,\N
"1","1","2022","12","5",\N,"4","4019",\N,\N,"31",\N,\N,\N,\N,"4",\N,\N,\N,\N,"2","40480.1",\N,\N
"1","1","2022","12","5",\N,"4","4019",\N,\N,"21",\N,\N,\N,\N,"4",\N,\N,\N,\N,"2","39810.9",\N,\N
"1","1","2022","12","5",\N,"4","4019",\N,\N,"11",\N,\N,\N,\N,"4",\N,\N,\N,\N,"2","149.184",\N,\N
"1","1","2022","12","5",\N,"4","4019",\N,\N,"62",\N,\N,\N,\N,"3",\N,\N,\N,\N,"2","1237.69",\N,\N
"1","1","2022","12","5",\N,"4","4019",\N,\N,"61",\N,\N,\N,\N,"3",\N,\N,\N,\N,"2","430.849",\N,\N
"1","1","2022","12","5",\N,"4","4019",\N,\N,"54",\N,\N,\N,\N,"3",\N,\N,\N,\N,"2","44.5892",\N,\N
"1","1","2022","12","5",\N,"4","4019",\N,\N,"53",\N,\N,\N,\N,"3",\N,\N,\N,\N,"2","74.212",\N,\N
"1","1","2022","12","5",\N,"4","4019",\N,\N,"52",\N,\N,\N,\N,"3",\N,\N,\N,\N,"2","1171.24",\N,\N
"1","1","2022","12","5",\N,"4","4019",\N,\N,"51",\N,\N,\N,\N,"3",\N,\N,\N,\N,"2","11.2604",\N,\N
"1","1","2022","12","5",\N,"4","4019",\N,\N,"43",\N,\N,\N,\N,"3",\N,\N,\N,\N,"2","51.937",\N,\N
"1","1","2022","12","5",\N,"4","4019",\N,\N,"42",\N,\N,\N,\N,"3",\N,\N,\N,\N,"2","28.5482",\N,\N
"1","1","2022","12","5",\N,"4","4019",\N,\N,"41",\N,\N,\N,\N,"3",\N,\N,\N,\N,"2","88.7654",\N,\N
"1","1","2022","12","5",\N,"4","4019",\N,\N,"32",\N,\N,\N,\N,"3",\N,\N,\N,\N,"2","1422.71",\N,\N
"1","1","2022","12","5",\N,"4","4019",\N,\N,"31",\N,\N,\N,\N,"3",\N,\N,\N,\N,"2","13673.4",\N,\N
"1","1","2022","12","5",\N,"4","4019",\N,\N,"21",\N,\N,\N,\N,"3",\N,\N,\N,\N,"2","8892.73",\N,\N
"1","1","2022","12","5",\N,"4","4019",\N,\N,"11",\N,\N,\N,\N,"3",\N,\N,\N,\N,"2","57.2113",\N,\N
"1","1","2022","12","5",\N,"4","4019",\N,\N,"62",\N,\N,\N,\N,"2",\N,\N,\N,\N,"2","2679.26",\N,\N
"1","1","2022","12","5",\N,"4","4019",\N,\N,"61",\N,\N,\N,\N,"2",\N,\N,\N,\N,"2","354.674",\N,\N
"1","1","2022","12","5",\N,"4","4019",\N,\N,"54",\N,\N,\N,\N,"2",\N,\N,\N,\N,"2","29.4847",\N,\N
"1","1","2022","12","5",\N,"4","4019",\N,\N,"53",\N,\N,\N,\N,"2",\N,\N,\N,\N,"2","49.4795",\N,\N
"1","1","2022","12","5",\N,"4","4019",\N,\N,"52",\N,\N,\N,\N,"2",\N,\N,\N,\N,"2","733.155",\N,\N
"1","1","2022","12","5",\N,"4","4019",\N,\N,"51",\N,\N,\N,\N,"2",\N,\N,\N,\N,"2","7.19139",\N,\N
"1","1","2022","12","5",\N,"4","4019",\N,\N,"43",\N,\N,\N,\N,"2",\N,\N,\N,\N,"2","32.1329",\N,\N
"1","1","2022","12","5",\N,"4","4019",\N,\N,"42",\N,\N,\N,\N,"2",\N,\N,\N,\N,"2","20.164",\N,\N
"1","1","2022","12","5",\N,"4","4019",\N,\N,"41",\N,\N,\N,\N,"2",\N,\N,\N,\N,"2","63.8486",\N,\N
"1","1","2022","12","5",\N,"4","4019",\N,\N,"32",\N,\N,\N,\N,"2",\N,\N,\N,\N,"2","738.852",\N,\N
"1","1","2022","12","5",\N,"4","4019",\N,\N,"31",\N,\N,\N,\N,"2",\N,\N,\N,\N,"2","6765.14",\N,\N
"1","1","2022","12","5",\N,"4","4019",\N,\N,"21",\N,\N,\N,\N,"2",\N,\N,\N,\N,"2","4825.88",\N,\N
"1","1","2022","12","5",\N,"4","4019",\N,\N,"11",\N,\N,\N,\N,"2",\N,\N,\N,\N,"2","23.9188",\N,\N
"1","1","2022","12","5",\N,"4","4019",\N,\N,"62",\N,\N,\N,\N,"1",\N,\N,\N,\N,"2","90370.6",\N,\N
"1","1","2022","12","5",\N,"4","4019",\N,\N,"61",\N,\N,\N,\N,"1",\N,\N,\N,\N,"2","61818.8",\N,\N
"1","1","2022","12","5",\N,"4","4019",\N,\N,"54",\N,\N,\N,\N,"1",\N,\N,\N,\N,"2","54154.2",\N,\N
"1","1","2022","12","5",\N,"4","4019",\N,\N,"53",\N,\N,\N,\N,"1",\N,\N,\N,\N,"2","23068.9",\N,\N
"1","1","2022","12","5",\N,"4","4019",\N,\N,"52",\N,\N,\N,\N,"1",\N,\N,\N,\N,"2","532253",\N,\N
"1","1","2022","12","5",\N,"4","4019",\N,\N,"51",\N,\N,\N,\N,"1",\N,\N,\N,\N,"2","3720.28",\N,\N
"1","1","2022","12","5",\N,"4","4019",\N,\N,"43",\N,\N,\N,\N,"1",\N,\N,\N,\N,"2","30085.6",\N,\N
"1","1","2022","12","5",\N,"4","4019",\N,\N,"42",\N,\N,\N,\N,"1",\N,\N,\N,\N,"2","6445.27",\N,\N
"1","1","2022","12","5",\N,"4","4019",\N,\N,"41",\N,\N,\N,\N,"1",\N,\N,\N,\N,"2","19872.6",\N,\N
"1","1","2022","12","5",\N,"4","4019",\N,\N,"32",\N,\N,\N,\N,"1",\N,\N,\N,\N,"2","897613",\N,\N
"1","1","2022","12","5",\N,"4","4019",\N,\N,"31",\N,\N,\N,\N,"1",\N,\N,\N,\N,"2","7687910",\N,\N
"1","1","2022","12","5",\N,"4","4019",\N,\N,"21",\N,\N,\N,\N,"1",\N,\N,\N,\N,"2","6979650",\N,\N
"1","1","2022","12","5",\N,"4","4019",\N,\N,"11",\N,\N,\N,\N,"1",\N,\N,\N,\N,"2","566299",\N,\N
"1","1","2022","12","5",\N,"4","4019",\N,\N,"62",\N,\N,\N,\N,"5",\N,\N,\N,\N,"1","294666",\N,\N
"1","1","2022","12","5",\N,"4","4019",\N,\N,"61",\N,\N,\N,\N,"5",\N,\N,\N,\N,"1","117694",\N,\N
"1","1","2022","12","5",\N,"4","4019",\N,\N,"54",\N,\N,\N,\N,"5",\N,\N,\N,\N,"1","16851.2",\N,\N
"1","1","2022","12","5",\N,"4","4019",\N,\N,"53",\N,\N,\N,\N,"5",\N,\N,\N,\N,"1","32012",\N,\N
"1","1","2022","12","5",\N,"4","4019",\N,\N,"52",\N,\N,\N,\N,"5",\N,\N,\N,\N,"1","453015",\N,\N
"1","1","2022","12","5",\N,"4","4019",\N,\N,"51",\N,\N,\N,\N,"5",\N,\N,\N,\N,"1","4433.4",\N,\N
"1","1","2022","12","5",\N,"4","4019",\N,\N,"43",\N,\N,\N,\N,"5",\N,\N,\N,\N,"1","21748",\N,\N
"1","1","2022","12","5",\N,"4","4019",\N,\N,"42",\N,\N,\N,\N,"5",\N,\N,\N,\N,"1","15437.4",\N,\N
"1","1","2022","12","5",\N,"4","4019",\N,\N,"41",\N,\N,\N,\N,"5",\N,\N,\N,\N,"1","46886.2",\N,\N
"1","1","2022","12","5",\N,"4","4019",\N,\N,"32",\N,\N,\N,\N,"5",\N,\N,\N,\N,"1","929662",\N,\N
"1","1","2022","12","5",\N,"4","4019",\N,\N,"31",\N,\N,\N,\N,"5",\N,\N,\N,\N,"1","7364250",\N,\N
"1","1","2022","12","5",\N,"4","4019",\N,\N,"21",\N,\N,\N,\N,"5",\N,\N,\N,\N,"1","6663410",\N,\N
"1","1","2022","12","5",\N,"4","4019",\N,\N,"11",\N,\N,\N,\N,"5",\N,\N,\N,\N,"1","32862.1",\N,\N
"1","1","2022","12","5",\N,"4","4019",\N,\N,"62",\N,\N,\N,\N,"4",\N,\N,\N,\N,"1","252577",\N,\N
"1","1","2022","12","5",\N,"4","4019",\N,\N,"61",\N,\N,\N,\N,"4",\N,\N,\N,\N,"1","61995.9",\N,\N
"1","1","2022","12","5",\N,"4","4019",\N,\N,"54",\N,\N,\N,\N,"4",\N,\N,\N,\N,"1","5686.18",\N,\N
"1","1","2022","12","5",\N,"4","4019",\N,\N,"53",\N,\N,\N,\N,"4",\N,\N,\N,\N,"1","10923.9",\N,\N
"1","1","2022","12","5",\N,"4","4019",\N,\N,"52",\N,\N,\N,\N,"4",\N,\N,\N,\N,"1","169491",\N,\N
"1","1","2022","12","5",\N,"4","4019",\N,\N,"51",\N,\N,\N,\N,"4",\N,\N,\N,\N,"1","1748.83",\N,\N
"1","1","2022","12","5",\N,"4","4019",\N,\N,"43",\N,\N,\N,\N,"4",\N,\N,\N,\N,"1","6488.57",\N,\N
"1","1","2022","12","5",\N,"4","4019",\N,\N,"42",\N,\N,\N,\N,"4",\N,\N,\N,\N,"1","5693.43",\N,\N
"1","1","2022","12","5",\N,"4","4019",\N,\N,"41",\N,\N,\N,\N,"4",\N,\N,\N,\N,"1","14329.2",\N,\N
"1","1","2022","12","5",\N,"4","4019",\N,\N,"32",\N,\N,\N,\N,"4",\N,\N,\N,\N,"1","307130",\N,\N
"1","1","2022","12","5",\N,"4","4019",\N,\N,"31",\N,\N,\N,\N,"4",\N,\N,\N,\N,"1","2165840",\N,\N
"1","1","2022","12","5",\N,"4","4019",\N,\N,"21",\N,\N,\N,\N,"4",\N,\N,\N,\N,"1","2091290",\N,\N
"1","1","2022","12","5",\N,"4","4019",\N,\N,"11",\N,\N,\N,\N,"4",\N,\N,\N,\N,"1","7925.44",\N,\N
"1","1","2022","12","5",\N,"4","4019",\N,\N,"62",\N,\N,\N,\N,"3",\N,\N,\N,\N,"1","61144.5",\N,\N
"1","1","2022","12","5",\N,"4","4019",\N,\N,"61",\N,\N,\N,\N,"3",\N,\N,\N,\N,"1","21436.1",\N,\N
"1","1","2022","12","5",\N,"4","4019",\N,\N,"54",\N,\N,\N,\N,"3",\N,\N,\N,\N,"1","2059.93",\N,\N
"1","1","2022","12","5",\N,"4","4019",\N,\N,"53",\N,\N,\N,\N,"3",\N,\N,\N,\N,"1","3616.35",\N,\N
"1","1","2022","12","5",\N,"4","4019",\N,\N,"52",\N,\N,\N,\N,"3",\N,\N,\N,\N,"1","54502",\N,\N
"1","1","2022","12","5",\N,"4","4019",\N,\N,"51",\N,\N,\N,\N,"3",\N,\N,\N,\N,"1","520.207",\N,\N
"1","1","2022","12","5",\N,"4","4019",\N,\N,"43",\N,\N,\N,\N,"3",\N,\N,\N,\N,"1","2399.38",\N,\N
"1","1","2022","12","5",\N,"4","4019",\N,\N,"42",\N,\N,\N,\N,"3",\N,\N,\N,\N,"1","1318.87",\N,\N
"1","1","2022","12","5",\N,"4","4019",\N,\N,"41",\N,\N,\N,\N,"3",\N,\N,\N,\N,"1","4100.77",\N,\N
"1","1","2022","12","5",\N,"4","4019",\N,\N,"32",\N,\N,\N,\N,"3",\N,\N,\N,\N,"1","65726.1",\N,\N
"1","1","2022","12","5",\N,"4","4019",\N,\N,"31",\N,\N,\N,\N,"3",\N,\N,\N,\N,"1","665347",\N,\N
"1","1","2022","12","5",\N,"4","4019",\N,\N,"21",\N,\N,\N,\N,"3",\N,\N,\N,\N,"1","425568",\N,\N
"1","1","2022","12","5",\N,"4","4019",\N,\N,"11",\N,\N,\N,\N,"3",\N,\N,\N,\N,"1","2756.55",\N,\N
"1","1","2022","12","5",\N,"4","4019",\N,\N,"62",\N,\N,\N,\N,"2",\N,\N,\N,\N,"1","164584",\N,\N
"1","1","2022","12","5",\N,"4","4019",\N,\N,"61",\N,\N,\N,\N,"2",\N,\N,\N,\N,"1","21574.9",\N,\N
"1","1","2022","12","5",\N,"4","4019",\N,\N,"54",\N,\N,\N,\N,"2",\N,\N,\N,\N,"1","1940.62",\N,\N
"1","1","2022","12","5",\N,"4","4019",\N,\N,"53",\N,\N,\N,\N,"2",\N,\N,\N,\N,"1","2993.42",\N,\N
"1","1","2022","12","5",\N,"4","4019",\N,\N,"52",\N,\N,\N,\N,"2",\N,\N,\N,\N,"1","48094.5",\N,\N
"1","1","2022","12","5",\N,"4","4019",\N,\N,"51",\N,\N,\N,\N,"2",\N,\N,\N,\N,"1","473.322",\N,\N
"1","1","2022","12","5",\N,"4","4019",\N,\N,"43",\N,\N,\N,\N,"2",\N,\N,\N,\N,"1","2114.92",\N,\N
"1","1","2022","12","5",\N,"4","4019",\N,\N,"42",\N,\N,\N,\N,"2",\N,\N,\N,\N,"1","1327.15",\N,\N
"1","1","2022","12","5",\N,"4","4019",\N,\N,"41",\N,\N,\N,\N,"2",\N,\N,\N,\N,"1","4202.38",\N,\N
"1","1","2022","12","5",\N,"4","4019",\N,\N,"32",\N,\N,\N,\N,"2",\N,\N,\N,\N,"1","48629.7",\N,\N
"1","1","2022","12","5",\N,"4","4019",\N,\N,"31",\N,\N,\N,\N,"2",\N,\N,\N,\N,"1","460577",\N,\N
"1","1","2022","12","5",\N,"4","4019",\N,\N,"21",\N,\N,\N,\N,"2",\N,\N,\N,\N,"1","325874",\N,\N
"1","1","2022","12","5",\N,"4","4019",\N,\N,"11",\N,\N,\N,\N,"2",\N,\N,\N,\N,"1","1631.23",\N,\N
"1","1","2022","12","2",\N,"4","4019",\N,\N,"62",\N,\N,\N,\N,"1",\N,\N,\N,\N,"15","516.059",\N,\N
"1","1","2022","12","2",\N,"4","4019",\N,\N,"62",\N,\N,\N,\N,"1",\N,\N,\N,\N,"14","32.9236",\N,\N
"1","1","2022","12","2",\N,"4","4019",\N,\N,"62",\N,\N,\N,\N,"1",\N,\N,\N,\N,"13","225.972",\N,\N
"1","1","2022","12","2",\N,"4","4019",\N,\N,"62",\N,\N,\N,\N,"1",\N,\N,\N,\N,"7","1703.02",\N,\N
"1","1","2022","12","2",\N,"4","4019",\N,\N,"61",\N,\N,\N,\N,"1",\N,\N,\N,\N,"7","3701.85",\N,\N
"1","1","2022","12","2",\N,"4","4019",\N,\N,"54",\N,\N,\N,\N,"1",\N,\N,\N,\N,"7","1047.84",\N,\N
"1","1","2022","12","2",\N,"4","4019",\N,\N,"53",\N,\N,\N,\N,"1",\N,\N,\N,\N,"7","1299.89",\N,\N
"1","1","2022","12","2",\N,"4","4019",\N,\N,"52",\N,\N,\N,\N,"1",\N,\N,\N,\N,"7","31437.6",\N,\N
"1","1","2022","12","2",\N,"4","4019",\N,\N,"51",\N,\N,\N,\N,"1",\N,\N,\N,\N,"7","16.0985",\N,\N
"1","1","2022","12","2",\N,"4","4019",\N,\N,"43",\N,\N,\N,\N,"1",\N,\N,\N,\N,"7","0",\N,\N
"1","1","2022","12","2",\N,"4","4019",\N,\N,"42",\N,\N,\N,\N,"1",\N,\N,\N,\N,"7","617.074",\N,\N
"1","1","2022","12","2",\N,"4","4019",\N,\N,"41",\N,\N,\N,\N,"1",\N,\N,\N,\N,"7","1696.26",\N,\N
"1","1","2022","12","2",\N,"4","4019",\N,\N,"32",\N,\N,\N,\N,"1",\N,\N,\N,\N,"7","132248",\N,\N
"1","1","2022","12","2",\N,"4","4019",\N,\N,"31",\N,\N,\N,\N,"1",\N,\N,\N,\N,"7","1064320",\N,\N
"1","1","2022","12","2",\N,"4","4019",\N,\N,"21",\N,\N,\N,\N,"1",\N,\N,\N,\N,"7","909036",\N,\N
"1","1","2022","12","2",\N,"4","4019",\N,\N,"11",\N,\N,\N,\N,"1",\N,\N,\N,\N,"7","2524.4",\N,\N
"1","1","2022","12","2",\N,"4","4019",\N,\N,"62",\N,\N,\N,\N,"1",\N,\N,\N,\N,"5","94168.1",\N,\N
"1","1","2022","12","2",\N,"4","4019",\N,\N,"61",\N,\N,\N,\N,"1",\N,\N,\N,\N,"5","63069.1",\N,\N
"1","1","2022","12","2",\N,"4","4019",\N,\N,"54",\N,\N,\N,\N,"1",\N,\N,\N,\N,"5","54306.2",\N,\N
"1","1","2022","12","2",\N,"4","4019",\N,\N,"53",\N,\N,\N,\N,"1",\N,\N,\N,\N,"5","23367.6",\N,\N
"1","1","2022","12","2",\N,"4","4019",\N,\N,"52",\N,\N,\N,\N,"1",\N,\N,\N,\N,"5","536437",\N,\N
"1","1","2022","12","2",\N,"4","4019",\N,\N,"51",\N,\N,\N,\N,"1",\N,\N,\N,\N,"5","3761.78",\N,\N
"1","1","2022","12","2",\N,"4","4019",\N,\N,"43",\N,\N,\N,\N,"1",\N,\N,\N,\N,"5","30274.8",\N,\N
"1","1","2022","12","2",\N,"4","4019",\N,\N,"42",\N,\N,\N,\N,"1",\N,\N,\N,\N,"5","6584.8",\N,\N
"1","1","2022","12","2",\N,"4","4019",\N,\N,"41",\N,\N,\N,\N,"1",\N,\N,\N,\N,"5","20277.8",\N,\N
"1","1","2022","12","2",\N,"4","4019",\N,\N,"32",\N,\N,\N,\N,"1",\N,\N,\N,\N,"5","905692",\N,\N
"1","1","2022","12","2",\N,"4","4019",\N,\N,"31",\N,\N,\N,\N,"1",\N,\N,\N,\N,"5","7754210",\N,\N
"1","1","2022","12","2",\N,"4","4019",\N,\N,"21",\N,\N,\N,\N,"1",\N,\N,\N,\N,"5","7041300",\N,\N
"1","1","2022","12","2",\N,"4","4019",\N,\N,"11",\N,\N,\N,\N,"1",\N,\N,\N,\N,"5","566586",\N,\N
"1","1","2022","12","2",\N,"4","4019",\N,\N,"62",\N,\N,\N,\N,"5",\N,\N,\N,\N,"4","7214.76",\N,\N
"1","1","2022","12","2",\N,"4","4019",\N,\N,"61",\N,\N,\N,\N,"5",\N,\N,\N,\N,"4","2864.55",\N,\N
"1","1","2022","12","2",\N,"4","4019",\N,\N,"54",\N,\N,\N,\N,"5",\N,\N,\N,\N,"4","508.183",\N,\N
"1","1","2022","12","2",\N,"4","4019",\N,\N,"53",\N,\N,\N,\N,"5",\N,\N,\N,\N,"4","767.975",\N,\N
"1","1","2022","12","2",\N,"4","4019",\N,\N,"52",\N,\N,\N,\N,"5",\N,\N,\N,\N,"4","13668.5",\N,\N
"1","1","2022","12","2",\N,"4","4019",\N,\N,"51",\N,\N,\N,\N,"5",\N,\N,\N,\N,"4","133.698",\N,\N
"1","1","2022","12","2",\N,"4","4019",\N,\N,"43",\N,\N,\N,\N,"5",\N,\N,\N,\N,"4","655.855",\N,\N
"1","1","2022","12","2",\N,"4","4019",\N,\N,"42",\N,\N,\N,\N,"5",\N,\N,\N,\N,"4","465.545",\N,\N
"1","1","2022","12","2",\N,"4","4019",\N,\N,"41",\N,\N,\N,\N,"5",\N,\N,\N,\N,"4","1413.95",\N,\N
"1","1","2022","12","2",\N,"4","4019",\N,\N,"32",\N,\N,\N,\N,"5",\N,\N,\N,\N,"4","28035.8",\N,\N
"1","1","2022","12","2",\N,"4","4019",\N,\N,"31",\N,\N,\N,\N,"5",\N,\N,\N,\N,"4","210233",\N,\N
"1","1","2022","12","2",\N,"4","4019",\N,\N,"21",\N,\N,\N,\N,"5",\N,\N,\N,\N,"4","192529",\N,\N
"1","1","2022","12","2",\N,"4","4019",\N,\N,"11",\N,\N,\N,\N,"5",\N,\N,\N,\N,"4","944.395",\N,\N
"1","1","2022","12","2",\N,"4","4019",\N,\N,"62",\N,\N,\N,\N,"4",\N,\N,\N,\N,"4","3455.36",\N,\N
"1","1","2022","12","2",\N,"4","4019",\N,\N,"61",\N,\N,\N,\N,"4",\N,\N,\N,\N,"4","846.367",\N,\N
"1","1","2022","12","2",\N,"4","4019",\N,\N,"54",\N,\N,\N,\N,"4",\N,\N,\N,\N,"4","74.8397",\N,\N
"1","1","2022","12","2",\N,"4","4019",\N,\N,"53",\N,\N,\N,\N,"4",\N,\N,\N,\N,"4","150.638",\N,\N
"1","1","2022","12","2",\N,"4","4019",\N,\N,"52",\N,\N,\N,\N,"4",\N,\N,\N,\N,"4","2242.22",\N,\N
"1","1","2022","12","2",\N,"4","4019",\N,\N,"51",\N,\N,\N,\N,"4",\N,\N,\N,\N,"4","23.0175",\N,\N
"1","1","2022","12","2",\N,"4","4019",\N,\N,"43",\N,\N,\N,\N,"4",\N,\N,\N,\N,"4","85.4005",\N,\N
"1","1","2022","12","2",\N,"4","4019",\N,\N,"42",\N,\N,\N,\N,"4",\N,\N,\N,\N,"4","74.9352",\N,\N
"1","1","2022","12","2",\N,"4","4019",\N,\N,"41",\N,\N,\N,\N,"4",\N,\N,\N,\N,"4","188.596",\N,\N
"1","1","2022","12","2",\N,"4","4019",\N,\N,"32",\N,\N,\N,\N,"4",\N,\N,\N,\N,"4","4042.35",\N,\N
"1","1","2022","12","2",\N,"4","4019",\N,\N,"31",\N,\N,\N,\N,"4",\N,\N,\N,\N,"4","27786.6",\N,\N
"1","1","2022","12","2",\N,"4","4019",\N,\N,"21",\N,\N,\N,\N,"4",\N,\N,\N,\N,"4","27066",\N,\N
"1","1","2022","12","2",\N,"4","4019",\N,\N,"11",\N,\N,\N,\N,"4",\N,\N,\N,\N,"4","101.774",\N,\N
"1","1","2022","12","2",\N,"4","4019",\N,\N,"62",\N,\N,\N,\N,"3",\N,\N,\N,\N,"4","1182.49",\N,\N
"1","1","2022","12","2",\N,"4","4019",\N,\N,"61",\N,\N,\N,\N,"3",\N,\N,\N,\N,"4","411.056",\N,\N
"1","1","2022","12","2",\N,"4","4019",\N,\N,"54",\N,\N,\N,\N,"3",\N,\N,\N,\N,"4","42.5775",\N,\N
"1","1","2022","12","2",\N,"4","4019",\N,\N,"53",\N,\N,\N,\N,"3",\N,\N,\N,\N,"4","70.7702",\N,\N
"1","1","2022","12","2",\N,"4","4019",\N,\N,"52",\N,\N,\N,\N,"3",\N,\N,\N,\N,"4","1118.7",\N,\N
"1","1","2022","12","2",\N,"4","4019",\N,\N,"51",\N,\N,\N,\N,"3",\N,\N,\N,\N,"4","10.7524",\N,\N
"1","1","2022","12","2",\N,"4","4019",\N,\N,"43",\N,\N,\N,\N,"3",\N,\N,\N,\N,"4","49.5938",\N,\N
"1","1","2022","12","2",\N,"4","4019",\N,\N,"42",\N,\N,\N,\N,"3",\N,\N,\N,\N,"4","27.2602",\N,\N
"1","1","2022","12","2",\N,"4","4019",\N,\N,"41",\N,\N,\N,\N,"3",\N,\N,\N,\N,"4","84.7606",\N,\N
"1","1","2022","12","2",\N,"4","4019",\N,\N,"32",\N,\N,\N,\N,"3",\N,\N,\N,\N,"4","1358.52",\N,\N
"1","1","2022","12","2",\N,"4","4019",\N,\N,"31",\N,\N,\N,\N,"3",\N,\N,\N,\N,"4","13049.4",\N,\N
"1","1","2022","12","2",\N,"4","4019",\N,\N,"21",\N,\N,\N,\N,"3",\N,\N,\N,\N,"4","8484.17",\N,\N
"1","1","2022","12","2",\N,"4","4019",\N,\N,"11",\N,\N,\N,\N,"3",\N,\N,\N,\N,"4","54.6525",\N,\N
"1","1","2022","12","2",\N,"4","4019",\N,\N,"62",\N,\N,\N,\N,"2",\N,\N,\N,\N,"4","2590.41",\N,\N
"1","1","2022","12","2",\N,"4","4019",\N,\N,"61",\N,\N,\N,\N,"2",\N,\N,\N,\N,"4","342.736",\N,\N
"1","1","2022","12","2",\N,"4","4019",\N,\N,"54",\N,\N,\N,\N,"2",\N,\N,\N,\N,"4","28.4465",\N,\N
"1","1","2022","12","2",\N,"4","4019",\N,\N,"53",\N,\N,\N,\N,"2",\N,\N,\N,\N,"4","47.8412",\N,\N
"1","1","2022","12","2",\N,"4","4019",\N,\N,"52",\N,\N,\N,\N,"2",\N,\N,\N,\N,"4","707.172",\N,\N
"1","1","2022","12","2",\N,"4","4019",\N,\N,"51",\N,\N,\N,\N,"2",\N,\N,\N,\N,"4","6.93817",\N,\N
"1","1","2022","12","2",\N,"4","4019",\N,\N,"43",\N,\N,\N,\N,"2",\N,\N,\N,\N,"4","31.0014",\N,\N
"1","1","2022","12","2",\N,"4","4019",\N,\N,"42",\N,\N,\N,\N,"2",\N,\N,\N,\N,"4","19.454",\N,\N
"1","1","2022","12","2",\N,"4","4019",\N,\N,"41",\N,\N,\N,\N,"2",\N,\N,\N,\N,"4","61.6004",\N,\N
"1","1","2022","12","2",\N,"4","4019",\N,\N,"32",\N,\N,\N,\N,"2",\N,\N,\N,\N,"4","712.836",\N,\N
"1","1","2022","12","2",\N,"4","4019",\N,\N,"31",\N,\N,\N,\N,"2",\N,\N,\N,\N,"4","6479.4",\N,\N
"1","1","2022","12","2",\N,"4","4019",\N,\N,"21",\N,\N,\N,\N,"2",\N,\N,\N,\N,"4","4609.15",\N,\N
"1","1","2022","12","2",\N,"4","4019",\N,\N,"11",\N,\N,\N,\N,"2",\N,\N,\N,\N,"4","22.9202",\N,\N
"1","1","2022","12","2",\N,"4","4019",\N,\N,"62",\N,\N,\N,\N,"1",\N,\N,\N,\N,"4","1199.82",\N,\N
"1","1","2022","12","2",\N,"4","4019",\N,\N,"61",\N,\N,\N,\N,"1",\N,\N,\N,\N,"4","1576.09",\N,\N
"1","1","2022","12","2",\N,"4","4019",\N,\N,"54",\N,\N,\N,\N,"1",\N,\N,\N,\N,"4","0",\N,\N
"1","1","2022","12","2",\N,"4","4019",\N,\N,"53",\N,\N,\N,\N,"1",\N,\N,\N,\N,"4","591.365",\N,\N
"1","1","2022","12","2",\N,"4","4019",\N,\N,"52",\N,\N,\N,\N,"1",\N,\N,\N,\N,"4","9534.77",\N,\N
"1","1","2022","12","2",\N,"4","4019",\N,\N,"51",\N,\N,\N,\N,"1",\N,\N,\N,\N,"4","125.747",\N,\N
"1","1","2022","12","2",\N,"4","4019",\N,\N,"43",\N,\N,\N,\N,"1",\N,\N,\N,\N,"4","89.7898",\N,\N
"1","1","2022","12","2",\N,"4","4019",\N,\N,"42",\N,\N,\N,\N,"1",\N,\N,\N,\N,"4","146.252",\N,\N
"1","1","2022","12","2",\N,"4","4019",\N,\N,"41",\N,\N,\N,\N,"1",\N,\N,\N,\N,"4","736.595",\N,\N
"1","1","2022","12","2",\N,"4","4019",\N,\N,"32",\N,\N,\N,\N,"1",\N,\N,\N,\N,"4","4062.78",\N,\N
"1","1","2022","12","2",\N,"4","4019",\N,\N,"31",\N,\N,\N,\N,"1",\N,\N,\N,\N,"4","37434.9",\N,\N
"1","1","2022","12","2",\N,"4","4019",\N,\N,"21",\N,\N,\N,\N,"1",\N,\N,\N,\N,"4","31960.8",\N,\N
"1","1","2022","12","2",\N,"4","4019",\N,\N,"11",\N,\N,\N,\N,"1",\N,\N,\N,\N,"4","0",\N,\N
"1","1","2022","12","2",\N,"4","4019",\N,\N,"62",\N,\N,\N,\N,"1",\N,\N,\N,\N,"3","1805.34",\N,\N
"1","1","2022","12","2",\N,"4","4019",\N,\N,"62",\N,\N,\N,\N,"5",\N,\N,\N,\N,"2","7214.76",\N,\N
"1","1","2022","12","2",\N,"4","4019",\N,\N,"61",\N,\N,\N,\N,"5",\N,\N,\N,\N,"2","2864.55",\N,\N
"1","1","2022","12","2",\N,"4","4019",\N,\N,"54",\N,\N,\N,\N,"5",\N,\N,\N,\N,"2","508.183",\N,\N
"1","1","2022","12","2",\N,"4","4019",\N,\N,"53",\N,\N,\N,\N,"5",\N,\N,\N,\N,"2","767.975",\N,\N
"1","1","2022","12","2",\N,"4","4019",\N,\N,"52",\N,\N,\N,\N,"5",\N,\N,\N,\N,"2","13668.5",\N,\N
"1","1","2022","12","2",\N,"4","4019",\N,\N,"51",\N,\N,\N,\N,"5",\N,\N,\N,\N,"2","133.698",\N,\N
"1","1","2022","12","2",\N,"4","4019",\N,\N,"43",\N,\N,\N,\N,"5",\N,\N,\N,\N,"2","655.855",\N,\N
"1","1","2022","12","2",\N,"4","4019",\N,\N,"42",\N,\N,\N,\N,"5",\N,\N,\N,\N,"2","465.545",\N,\N
"1","1","2022","12","2",\N,"4","4019",\N,\N,"41",\N,\N,\N,\N,"5",\N,\N,\N,\N,"2","1413.95",\N,\N
"1","1","2022","12","2",\N,"4","4019",\N,\N,"32",\N,\N,\N,\N,"5",\N,\N,\N,\N,"2","28035.8",\N,\N
"1","1","2022","12","2",\N,"4","4019",\N,\N,"31",\N,\N,\N,\N,"5",\N,\N,\N,\N,"2","210233",\N,\N
"1","1","2022","12","2",\N,"4","4019",\N,\N,"21",\N,\N,\N,\N,"5",\N,\N,\N,\N,"2","192529",\N,\N
"1","1","2022","12","2",\N,"4","4019",\N,\N,"11",\N,\N,\N,\N,"5",\N,\N,\N,\N,"2","944.395",\N,\N
"1","1","2022","12","2",\N,"4","4019",\N,\N,"62",\N,\N,\N,\N,"4",\N,\N,\N,\N,"2","3455.36",\N,\N
"1","1","2022","12","2",\N,"4","4019",\N,\N,"61",\N,\N,\N,\N,"4",\N,\N,\N,\N,"2","846.367",\N,\N
"1","1","2022","12","2",\N,"4","4019",\N,\N,"54",\N,\N,\N,\N,"4",\N,\N,\N,\N,"2","74.8397",\N,\N
"1","1","2022","12","2",\N,"4","4019",\N,\N,"53",\N,\N,\N,\N,"4",\N,\N,\N,\N,"2","150.638",\N,\N
"1","1","2022","12","2",\N,"4","4019",\N,\N,"52",\N,\N,\N,\N,"4",\N,\N,\N,\N,"2","2242.22",\N,\N
"1","1","2022","12","2",\N,"4","4019",\N,\N,"51",\N,\N,\N,\N,"4",\N,\N,\N,\N,"2","23.0175",\N,\N
"1","1","2022","12","2",\N,"4","4019",\N,\N,"43",\N,\N,\N,\N,"4",\N,\N,\N,\N,"2","85.4005",\N,\N
"1","1","2022","12","2",\N,"4","4019",\N,\N,"42",\N,\N,\N,\N,"4",\N,\N,\N,\N,"2","74.9352",\N,\N
"1","1","2022","12","2",\N,"4","4019",\N,\N,"41",\N,\N,\N,\N,"4",\N,\N,\N,\N,"2","188.596",\N,\N
"1","1","2022","12","2",\N,"4","4019",\N,\N,"32",\N,\N,\N,\N,"4",\N,\N,\N,\N,"2","4042.35",\N,\N
"1","1","2022","12","2",\N,"4","4019",\N,\N,"31",\N,\N,\N,\N,"4",\N,\N,\N,\N,"2","27786.6",\N,\N
"1","1","2022","12","2",\N,"4","4019",\N,\N,"21",\N,\N,\N,\N,"4",\N,\N,\N,\N,"2","27066",\N,\N
"1","1","2022","12","2",\N,"4","4019",\N,\N,"11",\N,\N,\N,\N,"4",\N,\N,\N,\N,"2","101.774",\N,\N
"1","1","2022","12","2",\N,"4","4019",\N,\N,"62",\N,\N,\N,\N,"3",\N,\N,\N,\N,"2","1182.49",\N,\N
"1","1","2022","12","2",\N,"4","4019",\N,\N,"61",\N,\N,\N,\N,"3",\N,\N,\N,\N,"2","411.056",\N,\N
"1","1","2022","12","2",\N,"4","4019",\N,\N,"54",\N,\N,\N,\N,"3",\N,\N,\N,\N,"2","42.5775",\N,\N
"1","1","2022","12","2",\N,"4","4019",\N,\N,"53",\N,\N,\N,\N,"3",\N,\N,\N,\N,"2","70.7702",\N,\N
"1","1","2022","12","2",\N,"4","4019",\N,\N,"52",\N,\N,\N,\N,"3",\N,\N,\N,\N,"2","1118.7",\N,\N
"1","1","2022","12","2",\N,"4","4019",\N,\N,"51",\N,\N,\N,\N,"3",\N,\N,\N,\N,"2","10.7524",\N,\N
"1","1","2022","12","2",\N,"4","4019",\N,\N,"43",\N,\N,\N,\N,"3",\N,\N,\N,\N,"2","49.5938",\N,\N
"1","1","2022","12","2",\N,"4","4019",\N,\N,"42",\N,\N,\N,\N,"3",\N,\N,\N,\N,"2","27.2602",\N,\N
"1","1","2022","12","2",\N,"4","4019",\N,\N,"41",\N,\N,\N,\N,"3",\N,\N,\N,\N,"2","84.7606",\N,\N
"1","1","2022","12","2",\N,"4","4019",\N,\N,"32",\N,\N,\N,\N,"3",\N,\N,\N,\N,"2","1358.52",\N,\N
"1","1","2022","12","2",\N,"4","4019",\N,\N,"31",\N,\N,\N,\N,"3",\N,\N,\N,\N,"2","13049.4",\N,\N
"1","1","2022","12","2",\N,"4","4019",\N,\N,"21",\N,\N,\N,\N,"3",\N,\N,\N,\N,"2","8484.17",\N,\N
"1","1","2022","12","2",\N,"4","4019",\N,\N,"11",\N,\N,\N,\N,"3",\N,\N,\N,\N,"2","54.6525",\N,\N
"1","1","2022","12","2",\N,"4","4019",\N,\N,"62",\N,\N,\N,\N,"2",\N,\N,\N,\N,"2","2590.41",\N,\N
"1","1","2022","12","2",\N,"4","4019",\N,\N,"61",\N,\N,\N,\N,"2",\N,\N,\N,\N,"2","342.736",\N,\N
"1","1","2022","12","2",\N,"4","4019",\N,\N,"54",\N,\N,\N,\N,"2",\N,\N,\N,\N,"2","28.4465",\N,\N
"1","1","2022","12","2",\N,"4","4019",\N,\N,"53",\N,\N,\N,\N,"2",\N,\N,\N,\N,"2","47.8412",\N,\N
"1","1","2022","12","2",\N,"4","4019",\N,\N,"52",\N,\N,\N,\N,"2",\N,\N,\N,\N,"2","707.172",\N,\N
"1","1","2022","12","2",\N,"4","4019",\N,\N,"51",\N,\N,\N,\N,"2",\N,\N,\N,\N,"2","6.93817",\N,\N
"1","1","2022","12","2",\N,"4","4019",\N,\N,"43",\N,\N,\N,\N,"2",\N,\N,\N,\N,"2","31.0014",\N,\N
"1","1","2022","12","2",\N,"4","4019",\N,\N,"42",\N,\N,\N,\N,"2",\N,\N,\N,\N,"2","19.454",\N,\N
"1","1","2022","12","2",\N,"4","4019",\N,\N,"41",\N,\N,\N,\N,"2",\N,\N,\N,\N,"2","61.6004",\N,\N
"1","1","2022","12","2",\N,"4","4019",\N,\N,"32",\N,\N,\N,\N,"2",\N,\N,\N,\N,"2","712.836",\N,\N
"1","1","2022","12","2",\N,"4","4019",\N,\N,"31",\N,\N,\N,\N,"2",\N,\N,\N,\N,"2","6479.4",\N,\N
"1","1","2022","12","2",\N,"4","4019",\N,\N,"21",\N,\N,\N,\N,"2",\N,\N,\N,\N,"2","4609.15",\N,\N
"1","1","2022","12","2",\N,"4","4019",\N,\N,"11",\N,\N,\N,\N,"2",\N,\N,\N,\N,"2","22.9202",\N,\N
"1","1","2022","12","2",\N,"4","4019",\N,\N,"62",\N,\N,\N,\N,"1",\N,\N,\N,\N,"2","94168.1",\N,\N
"1","1","2022","12","2",\N,"4","4019",\N,\N,"61",\N,\N,\N,\N,"1",\N,\N,\N,\N,"2","63069.1",\N,\N
"1","1","2022","12","2",\N,"4","4019",\N,\N,"54",\N,\N,\N,\N,"1",\N,\N,\N,\N,"2","54306.2",\N,\N
"1","1","2022","12","2",\N,"4","4019",\N,\N,"53",\N,\N,\N,\N,"1",\N,\N,\N,\N,"2","23367.6",\N,\N
"1","1","2022","12","2",\N,"4","4019",\N,\N,"52",\N,\N,\N,\N,"1",\N,\N,\N,\N,"2","536437",\N,\N
"1","1","2022","12","2",\N,"4","4019",\N,\N,"51",\N,\N,\N,\N,"1",\N,\N,\N,\N,"2","3761.78",\N,\N
"1","1","2022","12","2",\N,"4","4019",\N,\N,"43",\N,\N,\N,\N,"1",\N,\N,\N,\N,"2","30274.8",\N,\N
"1","1","2022","12","2",\N,"4","4019",\N,\N,"42",\N,\N,\N,\N,"1",\N,\N,\N,\N,"2","6584.8",\N,\N
"1","1","2022","12","2",\N,"4","4019",\N,\N,"41",\N,\N,\N,\N,"1",\N,\N,\N,\N,"2","20277.8",\N,\N
"1","1","2022","12","2",\N,"4","4019",\N,\N,"32",\N,\N,\N,\N,"1",\N,\N,\N,\N,"2","905692",\N,\N
"1","1","2022","12","2",\N,"4","4019",\N,\N,"31",\N,\N,\N,\N,"1",\N,\N,\N,\N,"2","7754210",\N,\N
"1","1","2022","12","2",\N,"4","4019",\N,\N,"21",\N,\N,\N,\N,"1",\N,\N,\N,\N,"2","7041300",\N,\N
"1","1","2022","12","2",\N,"4","4019",\N,\N,"11",\N,\N,\N,\N,"1",\N,\N,\N,\N,"2","566586",\N,\N
"1","1","2022","12","2",\N,"4","4019",\N,\N,"62",\N,\N,\N,\N,"5",\N,\N,\N,\N,"1","229625",\N,\N
"1","1","2022","12","2",\N,"4","4019",\N,\N,"61",\N,\N,\N,\N,"5",\N,\N,\N,\N,"1","91715.6",\N,\N
"1","1","2022","12","2",\N,"4","4019",\N,\N,"54",\N,\N,\N,\N,"5",\N,\N,\N,\N,"1","13131.6",\N,\N
"1","1","2022","12","2",\N,"4","4019",\N,\N,"53",\N,\N,\N,\N,"5",\N,\N,\N,\N,"1","24946",\N,\N
"1","1","2022","12","2",\N,"4","4019",\N,\N,"52",\N,\N,\N,\N,"5",\N,\N,\N,\N,"1","353021",\N,\N
"1","1","2022","12","2",\N,"4","4019",\N,\N,"51",\N,\N,\N,\N,"5",\N,\N,\N,\N,"1","3454.81",\N,\N
"1","1","2022","12","2",\N,"4","4019",\N,\N,"43",\N,\N,\N,\N,"5",\N,\N,\N,\N,"1","16947.6",\N,\N
"1","1","2022","12","2",\N,"4","4019",\N,\N,"42",\N,\N,\N,\N,"5",\N,\N,\N,\N,"1","12029.9",\N,\N
"1","1","2022","12","2",\N,"4","4019",\N,\N,"41",\N,\N,\N,\N,"5",\N,\N,\N,\N,"1","36537",\N,\N
"1","1","2022","12","2",\N,"4","4019",\N,\N,"32",\N,\N,\N,\N,"5",\N,\N,\N,\N,"1","724457",\N,\N
"1","1","2022","12","2",\N,"4","4019",\N,\N,"31",\N,\N,\N,\N,"5",\N,\N,\N,\N,"1","5738730",\N,\N
"1","1","2022","12","2",\N,"4","4019",\N,\N,"21",\N,\N,\N,\N,"5",\N,\N,\N,\N,"1","5192590",\N,\N
"1","1","2022","12","2",\N,"4","4019",\N,\N,"11",\N,\N,\N,\N,"5",\N,\N,\N,\N,"1","25608.5",\N,\N
"1","1","2022","12","2",\N,"4","4019",\N,\N,"62",\N,\N,\N,\N,"4",\N,\N,\N,\N,"1","196826",\N,\N
"1","1","2022","12","2",\N,"4","4019",\N,\N,"61",\N,\N,\N,\N,"4",\N,\N,\N,\N,"1","48311.5",\N,\N
"1","1","2022","12","2",\N,"4","4019",\N,\N,"54",\N,\N,\N,\N,"4",\N,\N,\N,\N,"1","4431.07",\N,\N
"1","1","2022","12","2",\N,"4","4019",\N,\N,"53",\N,\N,\N,\N,"4",\N,\N,\N,\N,"1","8512.68",\N,\N
"1","1","2022","12","2",\N,"4","4019",\N,\N,"52",\N,\N,\N,\N,"4",\N,\N,\N,\N,"1","132079",\N,\N
"1","1","2022","12","2",\N,"4","4019",\N,\N,"51",\N,\N,\N,\N,"4",\N,\N,\N,\N,"1","1362.81",\N,\N
"1","1","2022","12","2",\N,"4","4019",\N,\N,"43",\N,\N,\N,\N,"4",\N,\N,\N,\N,"1","5056.34",\N,\N
"1","1","2022","12","2",\N,"4","4019",\N,\N,"42",\N,\N,\N,\N,"4",\N,\N,\N,\N,"1","4436.72",\N,\N
"1","1","2022","12","2",\N,"4","4019",\N,\N,"41",\N,\N,\N,\N,"4",\N,\N,\N,\N,"1","11166.3",\N,\N
"1","1","2022","12","2",\N,"4","4019",\N,\N,"32",\N,\N,\N,\N,"4",\N,\N,\N,\N,"1","239337",\N,\N
"1","1","2022","12","2",\N,"4","4019",\N,\N,"31",\N,\N,\N,\N,"4",\N,\N,\N,\N,"1","1687770",\N,\N
"1","1","2022","12","2",\N,"4","4019",\N,\N,"21",\N,\N,\N,\N,"4",\N,\N,\N,\N,"1","1629680",\N,\N
"1","1","2022","12","2",\N,"4","4019",\N,\N,"11",\N,\N,\N,\N,"4",\N,\N,\N,\N,"1","6176.05",\N,\N
"1","1","2022","12","2",\N,"4","4019",\N,\N,"62",\N,\N,\N,\N,"3",\N,\N,\N,\N,"1","59098.6",\N,\N
"1","1","2022","12","2",\N,"4","4019",\N,\N,"61",\N,\N,\N,\N,"3",\N,\N,\N,\N,"1","20718.9",\N,\N
"1","1","2022","12","2",\N,"4","4019",\N,\N,"54",\N,\N,\N,\N,"3",\N,\N,\N,\N,"1","1991",\N,\N
"1","1","2022","12","2",\N,"4","4019",\N,\N,"53",\N,\N,\N,\N,"3",\N,\N,\N,\N,"1","3495.35",\N,\N
"1","1","2022","12","2",\N,"4","4019",\N,\N,"52",\N,\N,\N,\N,"3",\N,\N,\N,\N,"1","52678.4",\N,\N
"1","1","2022","12","2",\N,"4","4019",\N,\N,"51",\N,\N,\N,\N,"3",\N,\N,\N,\N,"1","502.801",\N,\N
"1","1","2022","12","2",\N,"4","4019",\N,\N,"43",\N,\N,\N,\N,"3",\N,\N,\N,\N,"1","2319.1",\N,\N
"1","1","2022","12","2",\N,"4","4019",\N,\N,"42",\N,\N,\N,\N,"3",\N,\N,\N,\N,"1","1274.74",\N,\N
"1","1","2022","12","2",\N,"4","4019",\N,\N,"41",\N,\N,\N,\N,"3",\N,\N,\N,\N,"1","3963.56",\N,\N
"1","1","2022","12","2",\N,"4","4019",\N,\N,"32",\N,\N,\N,\N,"3",\N,\N,\N,\N,"1","63527",\N,\N
"1","1","2022","12","2",\N,"4","4019",\N,\N,"31",\N,\N,\N,\N,"3",\N,\N,\N,\N,"1","643085",\N,\N
"1","1","2022","12","2",\N,"4","4019",\N,\N,"21",\N,\N,\N,\N,"3",\N,\N,\N,\N,"1","411329",\N,\N
"1","1","2022","12","2",\N,"4","4019",\N,\N,"11",\N,\N,\N,\N,"3",\N,\N,\N,\N,"1","2664.32",\N,\N
"1","1","2022","12","2",\N,"4","4019",\N,\N,"62",\N,\N,\N,\N,"2",\N,\N,\N,\N,"1","159077",\N,\N
"1","1","2022","12","2",\N,"4","4019",\N,\N,"61",\N,\N,\N,\N,"2",\N,\N,\N,\N,"1","20853",\N,\N
"1","1","2022","12","2",\N,"4","4019",\N,\N,"54",\N,\N,\N,\N,"2",\N,\N,\N,\N,"1","1875.69",\N,\N
"1","1","2022","12","2",\N,"4","4019",\N,\N,"53",\N,\N,\N,\N,"2",\N,\N,\N,\N,"1","2893.26",\N,\N
"1","1","2022","12","2",\N,"4","4019",\N,\N,"52",\N,\N,\N,\N,"2",\N,\N,\N,\N,"1","46485.3",\N,\N
"1","1","2022","12","2",\N,"4","4019",\N,\N,"51",\N,\N,\N,\N,"2",\N,\N,\N,\N,"1","457.485",\N,\N
"1","1","2022","12","2",\N,"4","4019",\N,\N,"43",\N,\N,\N,\N,"2",\N,\N,\N,\N,"1","2044.15",\N,\N
"1","1","2022","12","2",\N,"4","4019",\N,\N,"42",\N,\N,\N,\N,"2",\N,\N,\N,\N,"1","1282.74",\N,\N
"1","1","2022","12","2",\N,"4","4019",\N,\N,"41",\N,\N,\N,\N,"2",\N,\N,\N,\N,"1","4061.77",\N,\N
"1","1","2022","12","2",\N,"4","4019",\N,\N,"32",\N,\N,\N,\N,"2",\N,\N,\N,\N,"1","47002.6",\N,\N
"1","1","2022","12","2",\N,"4","4019",\N,\N,"31",\N,\N,\N,\N,"2",\N,\N,\N,\N,"1","445166",\N,\N
"1","1","2022","12","2",\N,"4","4019",\N,\N,"21",\N,\N,\N,\N,"2",\N,\N,\N,\N,"1","314971",\N,\N
"1","1","2022","12","2",\N,"4","4019",\N,\N,"11",\N,\N,\N,\N,"2",\N,\N,\N,\N,"1","1576.65",\N,\N
"1","1","2022","11","5",\N,"4","4019",\N,\N,"62",\N,\N,\N,\N,"1",\N,\N,\N,\N,"15","625.156",\N,\N
"1","1","2022","11","5",\N,"4","4019",\N,\N,"62",\N,\N,\N,\N,"1",\N,\N,\N,\N,"14","39.8839",\N,\N
"1","1","2022","11","5",\N,"4","4019",\N,\N,"62",\N,\N,\N,\N,"1",\N,\N,\N,\N,"13","273.743",\N,\N
"1","1","2022","11","5",\N,"4","4019",\N,\N,"62",\N,\N,\N,\N,"1",\N,\N,\N,\N,"7","2314.6",\N,\N
"1","1","2022","11","5",\N,"4","4019",\N,\N,"61",\N,\N,\N,\N,"1",\N,\N,\N,\N,"7","16084.6",\N,\N
"1","1","2022","11","5",\N,"4","4019",\N,\N,"54",\N,\N,\N,\N,"1",\N,\N,\N,\N,"7","1044.36",\N,\N
"1","1","2022","11","5",\N,"4","4019",\N,\N,"53",\N,\N,\N,\N,"1",\N,\N,\N,\N,"7","1300.12",\N,\N
"1","1","2022","11","5",\N,"4","4019",\N,\N,"52",\N,\N,\N,\N,"1",\N,\N,\N,\N,"7","441316",\N,\N
"1","1","2022","11","5",\N,"4","4019",\N,\N,"51",\N,\N,\N,\N,"1",\N,\N,\N,\N,"7","269.883",\N,\N
"1","1","2022","11","5",\N,"4","4019",\N,\N,"43",\N,\N,\N,\N,"1",\N,\N,\N,\N,"7","4956.89",\N,\N
"1","1","2022","11","5",\N,"4","4019",\N,\N,"42",\N,\N,\N,\N,"1",\N,\N,\N,\N,"7","2037.82",\N,\N
"1","1","2022","11","5",\N,"4","4019",\N,\N,"41",\N,\N,\N,\N,"1",\N,\N,\N,\N,"7","5601.7",\N,\N
"1","1","2022","11","5",\N,"4","4019",\N,\N,"32",\N,\N,\N,\N,"1",\N,\N,\N,\N,"7","154894",\N,\N
"1","1","2022","11","5",\N,"4","4019",\N,\N,"31",\N,\N,\N,\N,"1",\N,\N,\N,\N,"7","1246580",\N,\N
"1","1","2022","11","5",\N,"4","4019",\N,\N,"21",\N,\N,\N,\N,"1",\N,\N,\N,\N,"7","1069960",\N,\N
"1","1","2022","11","5",\N,"4","4019",\N,\N,"11",\N,\N,\N,\N,"1",\N,\N,\N,\N,"7","1377.82",\N,\N
"1","1","2022","11","5",\N,"4","4019",\N,\N,"62",\N,\N,\N,\N,"1",\N,\N,\N,\N,"5","89597.6",\N,\N
"1","1","2022","11","5",\N,"4","4019",\N,\N,"61",\N,\N,\N,\N,"1",\N,\N,\N,\N,"5","61599.8",\N,\N
"1","1","2022","11","5",\N,"4","4019",\N,\N,"54",\N,\N,\N,\N,"1",\N,\N,\N,\N,"5","54127.3",\N,\N
"1","1","2022","11","5",\N,"4","4019",\N,\N,"53",\N,\N,\N,\N,"1",\N,\N,\N,\N,"5","23023.2",\N,\N
"1","1","2022","11","5",\N,"4","4019",\N,\N,"52",\N,\N,\N,\N,"1",\N,\N,\N,\N,"5","531525",\N,\N
"1","1","2022","11","5",\N,"4","4019",\N,\N,"51",\N,\N,\N,\N,"1",\N,\N,\N,\N,"5","3713.13",\N,\N
"1","1","2022","11","5",\N,"4","4019",\N,\N,"43",\N,\N,\N,\N,"1",\N,\N,\N,\N,"5","30052.7",\N,\N
"1","1","2022","11","5",\N,"4","4019",\N,\N,"42",\N,\N,\N,\N,"1",\N,\N,\N,\N,"5","6422.52",\N,\N
"1","1","2022","11","5",\N,"4","4019",\N,\N,"41",\N,\N,\N,\N,"1",\N,\N,\N,\N,"5","19805.1",\N,\N
"1","1","2022","11","5",\N,"4","4019",\N,\N,"32",\N,\N,\N,\N,"1",\N,\N,\N,\N,"5","896346",\N,\N
"1","1","2022","11","5",\N,"4","4019",\N,\N,"31",\N,\N,\N,\N,"1",\N,\N,\N,\N,"5","7677830",\N,\N
"1","1","2022","11","5",\N,"4","4019",\N,\N,"21",\N,\N,\N,\N,"1",\N,\N,\N,\N,"5","6970910",\N,\N
"1","1","2022","11","5",\N,"4","4019",\N,\N,"11",\N,\N,\N,\N,"1",\N,\N,\N,\N,"5","565154",\N,\N
"1","1","2022","11","5",\N,"4","4019",\N,\N,"62",\N,\N,\N,\N,"5",\N,\N,\N,\N,"4","10497.2",\N,\N
"1","1","2022","11","5",\N,"4","4019",\N,\N,"61",\N,\N,\N,\N,"5",\N,\N,\N,\N,"4","4216.86",\N,\N
"1","1","2022","11","5",\N,"4","4019",\N,\N,"54",\N,\N,\N,\N,"5",\N,\N,\N,\N,"4","695.829",\N,\N
"1","1","2022","11","5",\N,"4","4019",\N,\N,"53",\N,\N,\N,\N,"5",\N,\N,\N,\N,"4","1141.11",\N,\N
"1","1","2022","11","5",\N,"4","4019",\N,\N,"52",\N,\N,\N,\N,"5",\N,\N,\N,\N,"4","18724.1",\N,\N
"1","1","2022","11","5",\N,"4","4019",\N,\N,"51",\N,\N,\N,\N,"5",\N,\N,\N,\N,"4","183.066",\N,\N
"1","1","2022","11","5",\N,"4","4019",\N,\N,"43",\N,\N,\N,\N,"5",\N,\N,\N,\N,"4","898.03",\N,\N
"1","1","2022","11","5",\N,"4","4019",\N,\N,"42",\N,\N,\N,\N,"5",\N,\N,\N,\N,"4","637.448",\N,\N
"1","1","2022","11","5",\N,"4","4019",\N,\N,"41",\N,\N,\N,\N,"5",\N,\N,\N,\N,"4","1936.05",\N,\N
"1","1","2022","11","5",\N,"4","4019",\N,\N,"32",\N,\N,\N,\N,"5",\N,\N,\N,\N,"4","38388.1",\N,\N
"1","1","2022","11","5",\N,"4","4019",\N,\N,"31",\N,\N,\N,\N,"5",\N,\N,\N,\N,"4","296242",\N,\N
"1","1","2022","11","5",\N,"4","4019",\N,\N,"21",\N,\N,\N,\N,"5",\N,\N,\N,\N,"4","271992",\N,\N
"1","1","2022","11","5",\N,"4","4019",\N,\N,"11",\N,\N,\N,\N,"5",\N,\N,\N,\N,"4","2441.91",\N,\N
"1","1","2022","11","5",\N,"4","4019",\N,\N,"62",\N,\N,\N,\N,"4",\N,\N,\N,\N,"4","4919.76",\N,\N
"1","1","2022","11","5",\N,"4","4019",\N,\N,"61",\N,\N,\N,\N,"4",\N,\N,\N,\N,"4","1206.7",\N,\N
"1","1","2022","11","5",\N,"4","4019",\N,\N,"54",\N,\N,\N,\N,"4",\N,\N,\N,\N,"4","110.228",\N,\N
"1","1","2022","11","5",\N,"4","4019",\N,\N,"53",\N,\N,\N,\N,"4",\N,\N,\N,\N,"4","216.256",\N,\N
"1","1","2022","11","5",\N,"4","4019",\N,\N,"52",\N,\N,\N,\N,"4",\N,\N,\N,\N,"4","3291.77",\N,\N
"1","1","2022","11","5",\N,"4","4019",\N,\N,"51",\N,\N,\N,\N,"4",\N,\N,\N,\N,"4","33.9015",\N,\N
"1","1","2022","11","5",\N,"4","4019",\N,\N,"43",\N,\N,\N,\N,"4",\N,\N,\N,\N,"4","125.783",\N,\N
"1","1","2022","11","5",\N,"4","4019",\N,\N,"42",\N,\N,\N,\N,"4",\N,\N,\N,\N,"4","110.369",\N,\N
"1","1","2022","11","5",\N,"4","4019",\N,\N,"41",\N,\N,\N,\N,"4",\N,\N,\N,\N,"4","277.775",\N,\N
"1","1","2022","11","5",\N,"4","4019",\N,\N,"32",\N,\N,\N,\N,"4",\N,\N,\N,\N,"4","5953.81",\N,\N
"1","1","2022","11","5",\N,"4","4019",\N,\N,"31",\N,\N,\N,\N,"4",\N,\N,\N,\N,"4","41836.8",\N,\N
"1","1","2022","11","5",\N,"4","4019",\N,\N,"21",\N,\N,\N,\N,"4",\N,\N,\N,\N,"4","41145.2",\N,\N
"1","1","2022","11","5",\N,"4","4019",\N,\N,"11",\N,\N,\N,\N,"4",\N,\N,\N,\N,"4","282.136",\N,\N
"1","1","2022","11","5",\N,"4","4019",\N,\N,"62",\N,\N,\N,\N,"3",\N,\N,\N,\N,"4","1279.17",\N,\N
"1","1","2022","11","5",\N,"4","4019",\N,\N,"61",\N,\N,\N,\N,"3",\N,\N,\N,\N,"4","445.289",\N,\N
"1","1","2022","11","5",\N,"4","4019",\N,\N,"54",\N,\N,\N,\N,"3",\N,\N,\N,\N,"4","46.0836",\N,\N
"1","1","2022","11","5",\N,"4","4019",\N,\N,"53",\N,\N,\N,\N,"3",\N,\N,\N,\N,"4","76.6992",\N,\N
"1","1","2022","11","5",\N,"4","4019",\N,\N,"52",\N,\N,\N,\N,"3",\N,\N,\N,\N,"4","1210.49",\N,\N
"1","1","2022","11","5",\N,"4","4019",\N,\N,"51",\N,\N,\N,\N,"3",\N,\N,\N,\N,"4","11.6378",\N,\N
"1","1","2022","11","5",\N,"4","4019",\N,\N,"43",\N,\N,\N,\N,"3",\N,\N,\N,\N,"4","53.6777",\N,\N
"1","1","2022","11","5",\N,"4","4019",\N,\N,"42",\N,\N,\N,\N,"3",\N,\N,\N,\N,"4","29.505",\N,\N
"1","1","2022","11","5",\N,"4","4019",\N,\N,"41",\N,\N,\N,\N,"3",\N,\N,\N,\N,"4","91.7404",\N,\N
"1","1","2022","11","5",\N,"4","4019",\N,\N,"32",\N,\N,\N,\N,"3",\N,\N,\N,\N,"4","1470.39",\N,\N
"1","1","2022","11","5",\N,"4","4019",\N,\N,"31",\N,\N,\N,\N,"3",\N,\N,\N,\N,"4","14131.6",\N,\N
"1","1","2022","11","5",\N,"4","4019",\N,\N,"21",\N,\N,\N,\N,"3",\N,\N,\N,\N,"4","9190.77",\N,\N
"1","1","2022","11","5",\N,"4","4019",\N,\N,"11",\N,\N,\N,\N,"3",\N,\N,\N,\N,"4","108.198",\N,\N
"1","1","2022","11","5",\N,"4","4019",\N,\N,"62",\N,\N,\N,\N,"2",\N,\N,\N,\N,"4","2769.05",\N,\N
"1","1","2022","11","5",\N,"4","4019",\N,\N,"61",\N,\N,\N,\N,"2",\N,\N,\N,\N,"4","366.561",\N,\N
"1","1","2022","11","5",\N,"4","4019",\N,\N,"54",\N,\N,\N,\N,"2",\N,\N,\N,\N,"4","30.4729",\N,\N
"1","1","2022","11","5",\N,"4","4019",\N,\N,"53",\N,\N,\N,\N,"2",\N,\N,\N,\N,"4","51.1378",\N,\N
"1","1","2022","11","5",\N,"4","4019",\N,\N,"52",\N,\N,\N,\N,"2",\N,\N,\N,\N,"4","757.727",\N,\N
"1","1","2022","11","5",\N,"4","4019",\N,\N,"51",\N,\N,\N,\N,"2",\N,\N,\N,\N,"4","7.43241",\N,\N
"1","1","2022","11","5",\N,"4","4019",\N,\N,"43",\N,\N,\N,\N,"2",\N,\N,\N,\N,"4","33.2098",\N,\N
"1","1","2022","11","5",\N,"4","4019",\N,\N,"42",\N,\N,\N,\N,"2",\N,\N,\N,\N,"4","20.8398",\N,\N
"1","1","2022","11","5",\N,"4","4019",\N,\N,"41",\N,\N,\N,\N,"2",\N,\N,\N,\N,"4","65.9884",\N,\N
"1","1","2022","11","5",\N,"4","4019",\N,\N,"32",\N,\N,\N,\N,"2",\N,\N,\N,\N,"4","763.615",\N,\N
"1","1","2022","11","5",\N,"4","4019",\N,\N,"31",\N,\N,\N,\N,"2",\N,\N,\N,\N,"4","6991.87",\N,\N
"1","1","2022","11","5",\N,"4","4019",\N,\N,"21",\N,\N,\N,\N,"2",\N,\N,\N,\N,"4","4987.62",\N,\N
"1","1","2022","11","5",\N,"4","4019",\N,\N,"11",\N,\N,\N,\N,"2",\N,\N,\N,\N,"4","45.235",\N,\N
"1","1","2022","11","5",\N,"4","4019",\N,\N,"62",\N,\N,\N,\N,"1",\N,\N,\N,\N,"4","1695.08",\N,\N
"1","1","2022","11","5",\N,"4","4019",\N,\N,"61",\N,\N,\N,\N,"1",\N,\N,\N,\N,"4","2317.94",\N,\N
"1","1","2022","11","5",\N,"4","4019",\N,\N,"54",\N,\N,\N,\N,"1",\N,\N,\N,\N,"4","0",\N,\N
"1","1","2022","11","5",\N,"4","4019",\N,\N,"53",\N,\N,\N,\N,"1",\N,\N,\N,\N,"4","546.773",\N,\N
"1","1","2022","11","5",\N,"4","4019",\N,\N,"52",\N,\N,\N,\N,"1",\N,\N,\N,\N,"4","8629.81",\N,\N
"1","1","2022","11","5",\N,"4","4019",\N,\N,"51",\N,\N,\N,\N,"1",\N,\N,\N,\N,"4","142.222",\N,\N
"1","1","2022","11","5",\N,"4","4019",\N,\N,"43",\N,\N,\N,\N,"1",\N,\N,\N,\N,"4","105.989",\N,\N
"1","1","2022","11","5",\N,"4","4019",\N,\N,"42",\N,\N,\N,\N,"1",\N,\N,\N,\N,"4","190.301",\N,\N
"1","1","2022","11","5",\N,"4","4019",\N,\N,"41",\N,\N,\N,\N,"1",\N,\N,\N,\N,"4","989.66",\N,\N
"1","1","2022","11","5",\N,"4","4019",\N,\N,"32",\N,\N,\N,\N,"1",\N,\N,\N,\N,"4","5743.49",\N,\N
"1","1","2022","11","5",\N,"4","4019",\N,\N,"31",\N,\N,\N,\N,"1",\N,\N,\N,\N,"4","51065.9",\N,\N
"1","1","2022","11","5",\N,"4","4019",\N,\N,"21",\N,\N,\N,\N,"1",\N,\N,\N,\N,"4","43707",\N,\N
"1","1","2022","11","5",\N,"4","4019",\N,\N,"11",\N,\N,\N,\N,"1",\N,\N,\N,\N,"4","0",\N,\N
"1","1","2022","11","5",\N,"4","4019",\N,\N,"62",\N,\N,\N,\N,"1",\N,\N,\N,\N,"3","2187",\N,\N
"1","1","2022","11","5",\N,"4","4019",\N,\N,"62",\N,\N,\N,\N,"5",\N,\N,\N,\N,"2","10497.2",\N,\N
"1","1","2022","11","5",\N,"4","4019",\N,\N,"61",\N,\N,\N,\N,"5",\N,\N,\N,\N,"2","4216.86",\N,\N
"1","1","2022","11","5",\N,"4","4019",\N,\N,"54",\N,\N,\N,\N,"5",\N,\N,\N,\N,"2","695.829",\N,\N
"1","1","2022","11","5",\N,"4","4019",\N,\N,"53",\N,\N,\N,\N,"5",\N,\N,\N,\N,"2","1141.11",\N,\N
"1","1","2022","11","5",\N,"4","4019",\N,\N,"52",\N,\N,\N,\N,"5",\N,\N,\N,\N,"2","18724.1",\N,\N
"1","1","2022","11","5",\N,"4","4019",\N,\N,"51",\N,\N,\N,\N,"5",\N,\N,\N,\N,"2","183.066",\N,\N
"1","1","2022","11","5",\N,"4","4019",\N,\N,"43",\N,\N,\N,\N,"5",\N,\N,\N,\N,"2","898.03",\N,\N
"1","1","2022","11","5",\N,"4","4019",\N,\N,"42",\N,\N,\N,\N,"5",\N,\N,\N,\N,"2","637.448",\N,\N
"1","1","2022","11","5",\N,"4","4019",\N,\N,"41",\N,\N,\N,\N,"5",\N,\N,\N,\N,"2","1936.05",\N,\N
"1","1","2022","11","5",\N,"4","4019",\N,\N,"32",\N,\N,\N,\N,"5",\N,\N,\N,\N,"2","38388.1",\N,\N
"1","1","2022","11","5",\N,"4","4019",\N,\N,"31",\N,\N,\N,\N,"5",\N,\N,\N,\N,"2","296242",\N,\N
"1","1","2022","11","5",\N,"4","4019",\N,\N,"21",\N,\N,\N,\N,"5",\N,\N,\N,\N,"2","271992",\N,\N
"1","1","2022","11","5",\N,"4","4019",\N,\N,"11",\N,\N,\N,\N,"5",\N,\N,\N,\N,"2","2441.91",\N,\N
"1","1","2022","11","5",\N,"4","4019",\N,\N,"62",\N,\N,\N,\N,"4",\N,\N,\N,\N,"2","4919.76",\N,\N
"1","1","2022","11","5",\N,"4","4019",\N,\N,"61",\N,\N,\N,\N,"4",\N,\N,\N,\N,"2","1206.7",\N,\N
"1","1","2022","11","5",\N,"4","4019",\N,\N,"54",\N,\N,\N,\N,"4",\N,\N,\N,\N,"2","110.228",\N,\N
"1","1","2022","11","5",\N,"4","4019",\N,\N,"53",\N,\N,\N,\N,"4",\N,\N,\N,\N,"2","216.256",\N,\N
"1","1","2022","11","5",\N,"4","4019",\N,\N,"52",\N,\N,\N,\N,"4",\N,\N,\N,\N,"2","3291.77",\N,\N
"1","1","2022","11","5",\N,"4","4019",\N,\N,"51",\N,\N,\N,\N,"4",\N,\N,\N,\N,"2","33.9015",\N,\N
"1","1","2022","11","5",\N,"4","4019",\N,\N,"43",\N,\N,\N,\N,"4",\N,\N,\N,\N,"2","125.783",\N,\N
"1","1","2022","11","5",\N,"4","4019",\N,\N,"42",\N,\N,\N,\N,"4",\N,\N,\N,\N,"2","110.369",\N,\N
"1","1","2022","11","5",\N,"4","4019",\N,\N,"41",\N,\N,\N,\N,"4",\N,\N,\N,\N,"2","277.775",\N,\N
"1","1","2022","11","5",\N,"4","4019",\N,\N,"32",\N,\N,\N,\N,"4",\N,\N,\N,\N,"2","5953.81",\N,\N
"1","1","2022","11","5",\N,"4","4019",\N,\N,"31",\N,\N,\N,\N,"4",\N,\N,\N,\N,"2","41836.8",\N,\N
"1","1","2022","11","5",\N,"4","4019",\N,\N,"21",\N,\N,\N,\N,"4",\N,\N,\N,\N,"2","41145.2",\N,\N
"1","1","2022","11","5",\N,"4","4019",\N,\N,"11",\N,\N,\N,\N,"4",\N,\N,\N,\N,"2","282.136",\N,\N
"1","1","2022","11","5",\N,"4","4019",\N,\N,"62",\N,\N,\N,\N,"3",\N,\N,\N,\N,"2","1279.17",\N,\N
"1","1","2022","11","5",\N,"4","4019",\N,\N,"61",\N,\N,\N,\N,"3",\N,\N,\N,\N,"2","445.289",\N,\N
"1","1","2022","11","5",\N,"4","4019",\N,\N,"54",\N,\N,\N,\N,"3",\N,\N,\N,\N,"2","46.0836",\N,\N
"1","1","2022","11","5",\N,"4","4019",\N,\N,"53",\N,\N,\N,\N,"3",\N,\N,\N,\N,"2","76.6992",\N,\N
"1","1","2022","11","5",\N,"4","4019",\N,\N,"52",\N,\N,\N,\N,"3",\N,\N,\N,\N,"2","1210.49",\N,\N
"1","1","2022","11","5",\N,"4","4019",\N,\N,"51",\N,\N,\N,\N,"3",\N,\N,\N,\N,"2","11.6378",\N,\N
"1","1","2022","11","5",\N,"4","4019",\N,\N,"43",\N,\N,\N,\N,"3",\N,\N,\N,\N,"2","53.6777",\N,\N
"1","1","2022","11","5",\N,"4","4019",\N,\N,"42",\N,\N,\N,\N,"3",\N,\N,\N,\N,"2","29.505",\N,\N
"1","1","2022","11","5",\N,"4","4019",\N,\N,"41",\N,\N,\N,\N,"3",\N,\N,\N,\N,"2","91.7404",\N,\N
"1","1","2022","11","5",\N,"4","4019",\N,\N,"32",\N,\N,\N,\N,"3",\N,\N,\N,\N,"2","1470.39",\N,\N
"1","1","2022","11","5",\N,"4","4019",\N,\N,"31",\N,\N,\N,\N,"3",\N,\N,\N,\N,"2","14131.6",\N,\N
"1","1","2022","11","5",\N,"4","4019",\N,\N,"21",\N,\N,\N,\N,"3",\N,\N,\N,\N,"2","9190.77",\N,\N
"1","1","2022","11","5",\N,"4","4019",\N,\N,"11",\N,\N,\N,\N,"3",\N,\N,\N,\N,"2","108.198",\N,\N
"1","1","2022","11","5",\N,"4","4019",\N,\N,"62",\N,\N,\N,\N,"2",\N,\N,\N,\N,"2","2769.05",\N,\N
"1","1","2022","11","5",\N,"4","4019",\N,\N,"61",\N,\N,\N,\N,"2",\N,\N,\N,\N,"2","366.561",\N,\N
"1","1","2022","11","5",\N,"4","4019",\N,\N,"54",\N,\N,\N,\N,"2",\N,\N,\N,\N,"2","30.4729",\N,\N
"1","1","2022","11","5",\N,"4","4019",\N,\N,"53",\N,\N,\N,\N,"2",\N,\N,\N,\N,"2","51.1378",\N,\N
"1","1","2022","11","5",\N,"4","4019",\N,\N,"52",\N,\N,\N,\N,"2",\N,\N,\N,\N,"2","757.727",\N,\N
"1","1","2022","11","5",\N,"4","4019",\N,\N,"51",\N,\N,\N,\N,"2",\N,\N,\N,\N,"2","7.43241",\N,\N
"1","1","2022","11","5",\N,"4","4019",\N,\N,"43",\N,\N,\N,\N,"2",\N,\N,\N,\N,"2","33.2098",\N,\N
"1","1","2022","11","5",\N,"4","4019",\N,\N,"42",\N,\N,\N,\N,"2",\N,\N,\N,\N,"2","20.8398",\N,\N
"1","1","2022","11","5",\N,"4","4019",\N,\N,"41",\N,\N,\N,\N,"2",\N,\N,\N,\N,"2","65.9884",\N,\N
"1","1","2022","11","5",\N,"4","4019",\N,\N,"32",\N,\N,\N,\N,"2",\N,\N,\N,\N,"2","763.615",\N,\N
"1","1","2022","11","5",\N,"4","4019",\N,\N,"31",\N,\N,\N,\N,"2",\N,\N,\N,\N,"2","6991.87",\N,\N
"1","1","2022","11","5",\N,"4","4019",\N,\N,"21",\N,\N,\N,\N,"2",\N,\N,\N,\N,"2","4987.62",\N,\N
"1","1","2022","11","5",\N,"4","4019",\N,\N,"11",\N,\N,\N,\N,"2",\N,\N,\N,\N,"2","45.235",\N,\N
"1","1","2022","11","5",\N,"4","4019",\N,\N,"62",\N,\N,\N,\N,"1",\N,\N,\N,\N,"2","89597.6",\N,\N
"1","1","2022","11","5",\N,"4","4019",\N,\N,"61",\N,\N,\N,\N,"1",\N,\N,\N,\N,"2","61599.8",\N,\N
"1","1","2022","11","5",\N,"4","4019",\N,\N,"54",\N,\N,\N,\N,"1",\N,\N,\N,\N,"2","54127.3",\N,\N
"1","1","2022","11","5",\N,"4","4019",\N,\N,"53",\N,\N,\N,\N,"1",\N,\N,\N,\N,"2","23023.2",\N,\N
"1","1","2022","11","5",\N,"4","4019",\N,\N,"52",\N,\N,\N,\N,"1",\N,\N,\N,\N,"2","531525",\N,\N
"1","1","2022","11","5",\N,"4","4019",\N,\N,"51",\N,\N,\N,\N,"1",\N,\N,\N,\N,"2","3713.13",\N,\N
"1","1","2022","11","5",\N,"4","4019",\N,\N,"43",\N,\N,\N,\N,"1",\N,\N,\N,\N,"2","30052.7",\N,\N
"1","1","2022","11","5",\N,"4","4019",\N,\N,"42",\N,\N,\N,\N,"1",\N,\N,\N,\N,"2","6422.52",\N,\N
"1","1","2022","11","5",\N,"4","4019",\N,\N,"41",\N,\N,\N,\N,"1",\N,\N,\N,\N,"2","19805.1",\N,\N
"1","1","2022","11","5",\N,"4","4019",\N,\N,"32",\N,\N,\N,\N,"1",\N,\N,\N,\N,"2","896346",\N,\N
"1","1","2022","11","5",\N,"4","4019",\N,\N,"31",\N,\N,\N,\N,"1",\N,\N,\N,\N,"2","7677830",\N,\N
"1","1","2022","11","5",\N,"4","4019",\N,\N,"21",\N,\N,\N,\N,"1",\N,\N,\N,\N,"2","6970910",\N,\N
"1","1","2022","11","5",\N,"4","4019",\N,\N,"11",\N,\N,\N,\N,"1",\N,\N,\N,\N,"2","565154",\N,\N
"1","1","2022","11","5",\N,"4","4019",\N,\N,"62",\N,\N,\N,\N,"5",\N,\N,\N,\N,"1","304542",\N,\N
"1","1","2022","11","5",\N,"4","4019",\N,\N,"61",\N,\N,\N,\N,"5",\N,\N,\N,\N,"1","121639",\N,\N
"1","1","2022","11","5",\N,"4","4019",\N,\N,"54",\N,\N,\N,\N,"5",\N,\N,\N,\N,"1","17416",\N,\N
"1","1","2022","11","5",\N,"4","4019",\N,\N,"53",\N,\N,\N,\N,"5",\N,\N,\N,\N,"1","33084.9",\N,\N
"1","1","2022","11","5",\N,"4","4019",\N,\N,"52",\N,\N,\N,\N,"5",\N,\N,\N,\N,"1","468198",\N,\N
"1","1","2022","11","5",\N,"4","4019",\N,\N,"51",\N,\N,\N,\N,"5",\N,\N,\N,\N,"1","4581.99",\N,\N
"1","1","2022","11","5",\N,"4","4019",\N,\N,"43",\N,\N,\N,\N,"5",\N,\N,\N,\N,"1","22476.9",\N,\N
"1","1","2022","11","5",\N,"4","4019",\N,\N,"42",\N,\N,\N,\N,"5",\N,\N,\N,\N,"1","15954.8",\N,\N
"1","1","2022","11","5",\N,"4","4019",\N,\N,"41",\N,\N,\N,\N,"5",\N,\N,\N,\N,"1","48457.6",\N,\N
"1","1","2022","11","5",\N,"4","4019",\N,\N,"32",\N,\N,\N,\N,"5",\N,\N,\N,\N,"1","960820",\N,\N
"1","1","2022","11","5",\N,"4","4019",\N,\N,"31",\N,\N,\N,\N,"5",\N,\N,\N,\N,"1","7611060",\N,\N
"1","1","2022","11","5",\N,"4","4019",\N,\N,"21",\N,\N,\N,\N,"5",\N,\N,\N,\N,"1","6886730",\N,\N
"1","1","2022","11","5",\N,"4","4019",\N,\N,"11",\N,\N,\N,\N,"5",\N,\N,\N,\N,"1","62148.7",\N,\N
"1","1","2022","11","5",\N,"4","4019",\N,\N,"62",\N,\N,\N,\N,"4",\N,\N,\N,\N,"1","261042",\N,\N
"1","1","2022","11","5",\N,"4","4019",\N,\N,"61",\N,\N,\N,\N,"4",\N,\N,\N,\N,"1","64073.7",\N,\N
"1","1","2022","11","5",\N,"4","4019",\N,\N,"54",\N,\N,\N,\N,"4",\N,\N,\N,\N,"1","5876.75",\N,\N
"1","1","2022","11","5",\N,"4","4019",\N,\N,"53",\N,\N,\N,\N,"4",\N,\N,\N,\N,"1","11290",\N,\N
"1","1","2022","11","5",\N,"4","4019",\N,\N,"52",\N,\N,\N,\N,"4",\N,\N,\N,\N,"1","175171",\N,\N
"1","1","2022","11","5",\N,"4","4019",\N,\N,"51",\N,\N,\N,\N,"4",\N,\N,\N,\N,"1","1807.44",\N,\N
"1","1","2022","11","5",\N,"4","4019",\N,\N,"43",\N,\N,\N,\N,"4",\N,\N,\N,\N,"1","6706.03",\N,\N
"1","1","2022","11","5",\N,"4","4019",\N,\N,"42",\N,\N,\N,\N,"4",\N,\N,\N,\N,"1","5884.25",\N,\N
"1","1","2022","11","5",\N,"4","4019",\N,\N,"41",\N,\N,\N,\N,"4",\N,\N,\N,\N,"1","14809.4",\N,\N
"1","1","2022","11","5",\N,"4","4019",\N,\N,"32",\N,\N,\N,\N,"4",\N,\N,\N,\N,"1","317424",\N,\N
"1","1","2022","11","5",\N,"4","4019",\N,\N,"31",\N,\N,\N,\N,"4",\N,\N,\N,\N,"1","2238430",\N,\N
"1","1","2022","11","5",\N,"4","4019",\N,\N,"21",\N,\N,\N,\N,"4",\N,\N,\N,\N,"1","2161380",\N,\N
"1","1","2022","11","5",\N,"4","4019",\N,\N,"11",\N,\N,\N,\N,"4",\N,\N,\N,\N,"1","14988.5",\N,\N
"1","1","2022","11","5",\N,"4","4019",\N,\N,"62",\N,\N,\N,\N,"3",\N,\N,\N,\N,"1","63193.7",\N,\N
"1","1","2022","11","5",\N,"4","4019",\N,\N,"61",\N,\N,\N,\N,"3",\N,\N,\N,\N,"1","22154.5",\N,\N
"1","1","2022","11","5",\N,"4","4019",\N,\N,"54",\N,\N,\N,\N,"3",\N,\N,\N,\N,"1","2128.97",\N,\N
"1","1","2022","11","5",\N,"4","4019",\N,\N,"53",\N,\N,\N,\N,"3",\N,\N,\N,\N,"1","3737.56",\N,\N
"1","1","2022","11","5",\N,"4","4019",\N,\N,"52",\N,\N,\N,\N,"3",\N,\N,\N,\N,"1","56328.7",\N,\N
"1","1","2022","11","5",\N,"4","4019",\N,\N,"51",\N,\N,\N,\N,"3",\N,\N,\N,\N,"1","537.642",\N,\N
"1","1","2022","11","5",\N,"4","4019",\N,\N,"43",\N,\N,\N,\N,"3",\N,\N,\N,\N,"1","2479.79",\N,\N
"1","1","2022","11","5",\N,"4","4019",\N,\N,"42",\N,\N,\N,\N,"3",\N,\N,\N,\N,"1","1363.07",\N,\N
"1","1","2022","11","5",\N,"4","4019",\N,\N,"41",\N,\N,\N,\N,"3",\N,\N,\N,\N,"1","4238.21",\N,\N
"1","1","2022","11","5",\N,"4","4019",\N,\N,"32",\N,\N,\N,\N,"3",\N,\N,\N,\N,"1","67928.9",\N,\N
"1","1","2022","11","5",\N,"4","4019",\N,\N,"31",\N,\N,\N,\N,"3",\N,\N,\N,\N,"1","687646",\N,\N
"1","1","2022","11","5",\N,"4","4019",\N,\N,"21",\N,\N,\N,\N,"3",\N,\N,\N,\N,"1","439831",\N,\N
"1","1","2022","11","5",\N,"4","4019",\N,\N,"11",\N,\N,\N,\N,"3",\N,\N,\N,\N,"1","5213.17",\N,\N
"1","1","2022","11","5",\N,"4","4019",\N,\N,"62",\N,\N,\N,\N,"2",\N,\N,\N,\N,"1","170100",\N,\N
"1","1","2022","11","5",\N,"4","4019",\N,\N,"61",\N,\N,\N,\N,"2",\N,\N,\N,\N,"1","22297.9",\N,\N
"1","1","2022","11","5",\N,"4","4019",\N,\N,"54",\N,\N,\N,\N,"2",\N,\N,\N,\N,"1","2005.66",\N,\N
"1","1","2022","11","5",\N,"4","4019",\N,\N,"53",\N,\N,\N,\N,"2",\N,\N,\N,\N,"1","3093.74",\N,\N
"1","1","2022","11","5",\N,"4","4019",\N,\N,"52",\N,\N,\N,\N,"2",\N,\N,\N,\N,"1","49706.4",\N,\N
"1","1","2022","11","5",\N,"4","4019",\N,\N,"51",\N,\N,\N,\N,"2",\N,\N,\N,\N,"1","489.185",\N,\N
"1","1","2022","11","5",\N,"4","4019",\N,\N,"43",\N,\N,\N,\N,"2",\N,\N,\N,\N,"1","2185.8",\N,\N
"1","1","2022","11","5",\N,"4","4019",\N,\N,"42",\N,\N,\N,\N,"2",\N,\N,\N,\N,"1","1371.63",\N,\N
"1","1","2022","11","5",\N,"4","4019",\N,\N,"41",\N,\N,\N,\N,"2",\N,\N,\N,\N,"1","4343.22",\N,\N
"1","1","2022","11","5",\N,"4","4019",\N,\N,"32",\N,\N,\N,\N,"2",\N,\N,\N,\N,"1","50259.5",\N,\N
"1","1","2022","11","5",\N,"4","4019",\N,\N,"31",\N,\N,\N,\N,"2",\N,\N,\N,\N,"1","476013",\N,\N
"1","1","2022","11","5",\N,"4","4019",\N,\N,"21",\N,\N,\N,\N,"2",\N,\N,\N,\N,"1","336796",\N,\N
"1","1","2022","11","5",\N,"4","4019",\N,\N,"11",\N,\N,\N,\N,"2",\N,\N,\N,\N,"1","3084.96",\N,\N
"1","1","2022","11","2",\N,"4","4019",\N,\N,"62",\N,\N,\N,\N,"1",\N,\N,\N,\N,"15","533.355",\N,\N
"1","1","2022","11","2",\N,"4","4019",\N,\N,"62",\N,\N,\N,\N,"1",\N,\N,\N,\N,"14","34.0271",\N,\N
"1","1","2022","11","2",\N,"4","4019",\N,\N,"62",\N,\N,\N,\N,"1",\N,\N,\N,\N,"13","233.545",\N,\N
"1","1","2022","11","2",\N,"4","4019",\N,\N,"62",\N,\N,\N,\N,"1",\N,\N,\N,\N,"7","1703.32",\N,\N
"1","1","2022","11","2",\N,"4","4019",\N,\N,"61",\N,\N,\N,\N,"1",\N,\N,\N,\N,"7","3702.5",\N,\N
"1","1","2022","11","2",\N,"4","4019",\N,\N,"54",\N,\N,\N,\N,"1",\N,\N,\N,\N,"7","1048.02",\N,\N
"1","1","2022","11","2",\N,"4","4019",\N,\N,"53",\N,\N,\N,\N,"1",\N,\N,\N,\N,"7","1300.12",\N,\N
"1","1","2022","11","2",\N,"4","4019",\N,\N,"52",\N,\N,\N,\N,"1",\N,\N,\N,\N,"7","31443.2",\N,\N
"1","1","2022","11","2",\N,"4","4019",\N,\N,"51",\N,\N,\N,\N,"1",\N,\N,\N,\N,"7","16.1013",\N,\N
"1","1","2022","11","2",\N,"4","4019",\N,\N,"43",\N,\N,\N,\N,"1",\N,\N,\N,\N,"7","0",\N,\N
"1","1","2022","11","2",\N,"4","4019",\N,\N,"42",\N,\N,\N,\N,"1",\N,\N,\N,\N,"7","617.182",\N,\N
"1","1","2022","11","2",\N,"4","4019",\N,\N,"41",\N,\N,\N,\N,"1",\N,\N,\N,\N,"7","1696.56",\N,\N
"1","1","2022","11","2",\N,"4","4019",\N,\N,"32",\N,\N,\N,\N,"1",\N,\N,\N,\N,"7","132271",\N,\N
"1","1","2022","11","2",\N,"4","4019",\N,\N,"31",\N,\N,\N,\N,"1",\N,\N,\N,\N,"7","1064510",\N,\N
"1","1","2022","11","2",\N,"4","4019",\N,\N,"21",\N,\N,\N,\N,"1",\N,\N,\N,\N,"7","909196",\N,\N
"1","1","2022","11","2",\N,"4","4019",\N,\N,"11",\N,\N,\N,\N,"1",\N,\N,\N,\N,"7","4620.12",\N,\N
"1","1","2022","11","2",\N,"4","4019",\N,\N,"62",\N,\N,\N,\N,"1",\N,\N,\N,\N,"5","93522.4",\N,\N
"1","1","2022","11","2",\N,"4","4019",\N,\N,"61",\N,\N,\N,\N,"1",\N,\N,\N,\N,"5","62892",\N,\N
"1","1","2022","11","2",\N,"4","4019",\N,\N,"54",\N,\N,\N,\N,"1",\N,\N,\N,\N,"5","54284.4",\N,\N
"1","1","2022","11","2",\N,"4","4019",\N,\N,"53",\N,\N,\N,\N,"1",\N,\N,\N,\N,"5","23331.9",\N,\N
"1","1","2022","11","2",\N,"4","4019",\N,\N,"52",\N,\N,\N,\N,"1",\N,\N,\N,\N,"5","535849",\N,\N
"1","1","2022","11","2",\N,"4","4019",\N,\N,"51",\N,\N,\N,\N,"1",\N,\N,\N,\N,"5","3756.01",\N,\N
"1","1","2022","11","2",\N,"4","4019",\N,\N,"43",\N,\N,\N,\N,"1",\N,\N,\N,\N,"5","30248.2",\N,\N
"1","1","2022","11","2",\N,"4","4019",\N,\N,"42",\N,\N,\N,\N,"1",\N,\N,\N,\N,"5","6566.72",\N,\N
"1","1","2022","11","2",\N,"4","4019",\N,\N,"41",\N,\N,\N,\N,"1",\N,\N,\N,\N,"5","20224",\N,\N
"1","1","2022","11","2",\N,"4","4019",\N,\N,"32",\N,\N,\N,\N,"1",\N,\N,\N,\N,"5","904695",\N,\N
"1","1","2022","11","2",\N,"4","4019",\N,\N,"31",\N,\N,\N,\N,"1",\N,\N,\N,\N,"5","7746340",\N,\N
"1","1","2022","11","2",\N,"4","4019",\N,\N,"21",\N,\N,\N,\N,"1",\N,\N,\N,\N,"5","7034620",\N,\N
"1","1","2022","11","2",\N,"4","4019",\N,\N,"11",\N,\N,\N,\N,"1",\N,\N,\N,\N,"5","565697",\N,\N
"1","1","2022","11","2",\N,"4","4019",\N,\N,"62",\N,\N,\N,\N,"5",\N,\N,\N,\N,"4","7456.56",\N,\N
"1","1","2022","11","2",\N,"4","4019",\N,\N,"61",\N,\N,\N,\N,"5",\N,\N,\N,\N,"4","2960.56",\N,\N
"1","1","2022","11","2",\N,"4","4019",\N,\N,"54",\N,\N,\N,\N,"5",\N,\N,\N,\N,"4","525.214",\N,\N
"1","1","2022","11","2",\N,"4","4019",\N,\N,"53",\N,\N,\N,\N,"5",\N,\N,\N,\N,"4","793.713",\N,\N
"1","1","2022","11","2",\N,"4","4019",\N,\N,"52",\N,\N,\N,\N,"5",\N,\N,\N,\N,"4","14126.6",\N,\N
"1","1","2022","11","2",\N,"4","4019",\N,\N,"51",\N,\N,\N,\N,"5",\N,\N,\N,\N,"4","138.179",\N,\N
"1","1","2022","11","2",\N,"4","4019",\N,\N,"43",\N,\N,\N,\N,"5",\N,\N,\N,\N,"4","677.836",\N,\N
"1","1","2022","11","2",\N,"4","4019",\N,\N,"42",\N,\N,\N,\N,"5",\N,\N,\N,\N,"4","481.148",\N,\N
"1","1","2022","11","2",\N,"4","4019",\N,\N,"41",\N,\N,\N,\N,"5",\N,\N,\N,\N,"4","1461.34",\N,\N
"1","1","2022","11","2",\N,"4","4019",\N,\N,"32",\N,\N,\N,\N,"5",\N,\N,\N,\N,"4","28975.5",\N,\N
"1","1","2022","11","2",\N,"4","4019",\N,\N,"31",\N,\N,\N,\N,"5",\N,\N,\N,\N,"4","217279",\N,\N
"1","1","2022","11","2",\N,"4","4019",\N,\N,"21",\N,\N,\N,\N,"5",\N,\N,\N,\N,"4","198982",\N,\N
"1","1","2022","11","2",\N,"4","4019",\N,\N,"11",\N,\N,\N,\N,"5",\N,\N,\N,\N,"4","1786.03",\N,\N
"1","1","2022","11","2",\N,"4","4019",\N,\N,"62",\N,\N,\N,\N,"4",\N,\N,\N,\N,"4","3571.17",\N,\N
"1","1","2022","11","2",\N,"4","4019",\N,\N,"61",\N,\N,\N,\N,"4",\N,\N,\N,\N,"4","874.733",\N,\N
"1","1","2022","11","2",\N,"4","4019",\N,\N,"54",\N,\N,\N,\N,"4",\N,\N,\N,\N,"4","77.348",\N,\N
"1","1","2022","11","2",\N,"4","4019",\N,\N,"53",\N,\N,\N,\N,"4",\N,\N,\N,\N,"4","155.687",\N,\N
"1","1","2022","11","2",\N,"4","4019",\N,\N,"52",\N,\N,\N,\N,"4",\N,\N,\N,\N,"4","2317.37",\N,\N
"1","1","2022","11","2",\N,"4","4019",\N,\N,"51",\N,\N,\N,\N,"4",\N,\N,\N,\N,"4","23.7889",\N,\N
"1","1","2022","11","2",\N,"4","4019",\N,\N,"43",\N,\N,\N,\N,"4",\N,\N,\N,\N,"4","88.2627",\N,\N
"1","1","2022","11","2",\N,"4","4019",\N,\N,"42",\N,\N,\N,\N,"4",\N,\N,\N,\N,"4","77.4467",\N,\N
"1","1","2022","11","2",\N,"4","4019",\N,\N,"41",\N,\N,\N,\N,"4",\N,\N,\N,\N,"4","194.917",\N,\N
"1","1","2022","11","2",\N,"4","4019",\N,\N,"32",\N,\N,\N,\N,"4",\N,\N,\N,\N,"4","4177.83",\N,\N
"1","1","2022","11","2",\N,"4","4019",\N,\N,"31",\N,\N,\N,\N,"4",\N,\N,\N,\N,"4","28717.9",\N,\N
"1","1","2022","11","2",\N,"4","4019",\N,\N,"21",\N,\N,\N,\N,"4",\N,\N,\N,\N,"4","27973.2",\N,\N
"1","1","2022","11","2",\N,"4","4019",\N,\N,"11",\N,\N,\N,\N,"4",\N,\N,\N,\N,"4","192.475",\N,\N
"1","1","2022","11","2",\N,"4","4019",\N,\N,"62",\N,\N,\N,\N,"3",\N,\N,\N,\N,"4","1222.12",\N,\N
"1","1","2022","11","2",\N,"4","4019",\N,\N,"61",\N,\N,\N,\N,"3",\N,\N,\N,\N,"4","424.833",\N,\N
"1","1","2022","11","2",\N,"4","4019",\N,\N,"54",\N,\N,\N,\N,"3",\N,\N,\N,\N,"4","44.0045",\N,\N
"1","1","2022","11","2",\N,"4","4019",\N,\N,"53",\N,\N,\N,\N,"3",\N,\N,\N,\N,"4","73.142",\N,\N
"1","1","2022","11","2",\N,"4","4019",\N,\N,"52",\N,\N,\N,\N,"3",\N,\N,\N,\N,"4","1156.2",\N,\N
"1","1","2022","11","2",\N,"4","4019",\N,\N,"51",\N,\N,\N,\N,"3",\N,\N,\N,\N,"4","11.1128",\N,\N
"1","1","2022","11","2",\N,"4","4019",\N,\N,"43",\N,\N,\N,\N,"3",\N,\N,\N,\N,"4","51.256",\N,\N
"1","1","2022","11","2",\N,"4","4019",\N,\N,"42",\N,\N,\N,\N,"3",\N,\N,\N,\N,"4","28.1739",\N,\N
"1","1","2022","11","2",\N,"4","4019",\N,\N,"41",\N,\N,\N,\N,"3",\N,\N,\N,\N,"4","87.6014",\N,\N
"1","1","2022","11","2",\N,"4","4019",\N,\N,"32",\N,\N,\N,\N,"3",\N,\N,\N,\N,"4","1404.05",\N,\N
"1","1","2022","11","2",\N,"4","4019",\N,\N,"31",\N,\N,\N,\N,"3",\N,\N,\N,\N,"4","13486.7",\N,\N
"1","1","2022","11","2",\N,"4","4019",\N,\N,"21",\N,\N,\N,\N,"3",\N,\N,\N,\N,"4","8768.52",\N,\N
"1","1","2022","11","2",\N,"4","4019",\N,\N,"11",\N,\N,\N,\N,"3",\N,\N,\N,\N,"4","103.359",\N,\N
"1","1","2022","11","2",\N,"4","4019",\N,\N,"62",\N,\N,\N,\N,"2",\N,\N,\N,\N,"4","2677.23",\N,\N
"1","1","2022","11","2",\N,"4","4019",\N,\N,"61",\N,\N,\N,\N,"2",\N,\N,\N,\N,"4","354.223",\N,\N
"1","1","2022","11","2",\N,"4","4019",\N,\N,"54",\N,\N,\N,\N,"2",\N,\N,\N,\N,"4","29.3999",\N,\N
"1","1","2022","11","2",\N,"4","4019",\N,\N,"53",\N,\N,\N,\N,"2",\N,\N,\N,\N,"4","49.4446",\N,\N
"1","1","2022","11","2",\N,"4","4019",\N,\N,"52",\N,\N,\N,\N,"2",\N,\N,\N,\N,"4","730.873",\N,\N
"1","1","2022","11","2",\N,"4","4019",\N,\N,"51",\N,\N,\N,\N,"2",\N,\N,\N,\N,"4","7.1707",\N,\N
"1","1","2022","11","2",\N,"4","4019",\N,\N,"43",\N,\N,\N,\N,"2",\N,\N,\N,\N,"4","32.0405",\N,\N
"1","1","2022","11","2",\N,"4","4019",\N,\N,"42",\N,\N,\N,\N,"2",\N,\N,\N,\N,"4","20.106",\N,\N
"1","1","2022","11","2",\N,"4","4019",\N,\N,"41",\N,\N,\N,\N,"2",\N,\N,\N,\N,"4","63.6649",\N,\N
"1","1","2022","11","2",\N,"4","4019",\N,\N,"32",\N,\N,\N,\N,"2",\N,\N,\N,\N,"4","736.727",\N,\N
"1","1","2022","11","2",\N,"4","4019",\N,\N,"31",\N,\N,\N,\N,"2",\N,\N,\N,\N,"4","6696.56",\N,\N
"1","1","2022","11","2",\N,"4","4019",\N,\N,"21",\N,\N,\N,\N,"2",\N,\N,\N,\N,"4","4763.63",\N,\N
"1","1","2022","11","2",\N,"4","4019",\N,\N,"11",\N,\N,\N,\N,"2",\N,\N,\N,\N,"4","43.3464",\N,\N
"1","1","2022","11","2",\N,"4","4019",\N,\N,"62",\N,\N,\N,\N,"1",\N,\N,\N,\N,"4","1240.03",\N,\N
"1","1","2022","11","2",\N,"4","4019",\N,\N,"61",\N,\N,\N,\N,"1",\N,\N,\N,\N,"4","1628.91",\N,\N
"1","1","2022","11","2",\N,"4","4019",\N,\N,"54",\N,\N,\N,\N,"1",\N,\N,\N,\N,"4","0",\N,\N
"1","1","2022","11","2",\N,"4","4019",\N,\N,"53",\N,\N,\N,\N,"1",\N,\N,\N,\N,"4","611.184",\N,\N
"1","1","2022","11","2",\N,"4","4019",\N,\N,"52",\N,\N,\N,\N,"1",\N,\N,\N,\N,"4","9854.33",\N,\N
"1","1","2022","11","2",\N,"4","4019",\N,\N,"51",\N,\N,\N,\N,"1",\N,\N,\N,\N,"4","129.962",\N,\N
"1","1","2022","11","2",\N,"4","4019",\N,\N,"43",\N,\N,\N,\N,"1",\N,\N,\N,\N,"4","92.7992",\N,\N
"1","1","2022","11","2",\N,"4","4019",\N,\N,"42",\N,\N,\N,\N,"1",\N,\N,\N,\N,"4","151.154",\N,\N
"1","1","2022","11","2",\N,"4","4019",\N,\N,"41",\N,\N,\N,\N,"1",\N,\N,\N,\N,"4","761.283",\N,\N
"1","1","2022","11","2",\N,"4","4019",\N,\N,"32",\N,\N,\N,\N,"1",\N,\N,\N,\N,"4","4107.83",\N,\N
"1","1","2022","11","2",\N,"4","4019",\N,\N,"31",\N,\N,\N,\N,"1",\N,\N,\N,\N,"4","37986.2",\N,\N
"1","1","2022","11","2",\N,"4","4019",\N,\N,"21",\N,\N,\N,\N,"1",\N,\N,\N,\N,"4","32402",\N,\N
"1","1","2022","11","2",\N,"4","4019",\N,\N,"11",\N,\N,\N,\N,"1",\N,\N,\N,\N,"4","0",\N,\N
"1","1","2022","11","2",\N,"4","4019",\N,\N,"62",\N,\N,\N,\N,"1",\N,\N,\N,\N,"3","1865.85",\N,\N
"1","1","2022","11","2",\N,"4","4019",\N,\N,"62",\N,\N,\N,\N,"5",\N,\N,\N,\N,"2","7456.56",\N,\N
"1","1","2022","11","2",\N,"4","4019",\N,\N,"61",\N,\N,\N,\N,"5",\N,\N,\N,\N,"2","2960.56",\N,\N
"1","1","2022","11","2",\N,"4","4019",\N,\N,"54",\N,\N,\N,\N,"5",\N,\N,\N,\N,"2","525.214",\N,\N
"1","1","2022","11","2",\N,"4","4019",\N,\N,"53",\N,\N,\N,\N,"5",\N,\N,\N,\N,"2","793.713",\N,\N
"1","1","2022","11","2",\N,"4","4019",\N,\N,"52",\N,\N,\N,\N,"5",\N,\N,\N,\N,"2","14126.6",\N,\N
"1","1","2022","11","2",\N,"4","4019",\N,\N,"51",\N,\N,\N,\N,"5",\N,\N,\N,\N,"2","138.179",\N,\N
"1","1","2022","11","2",\N,"4","4019",\N,\N,"43",\N,\N,\N,\N,"5",\N,\N,\N,\N,"2","677.836",\N,\N
"1","1","2022","11","2",\N,"4","4019",\N,\N,"42",\N,\N,\N,\N,"5",\N,\N,\N,\N,"2","481.148",\N,\N
"1","1","2022","11","2",\N,"4","4019",\N,\N,"41",\N,\N,\N,\N,"5",\N,\N,\N,\N,"2","1461.34",\N,\N
"1","1","2022","11","2",\N,"4","4019",\N,\N,"32",\N,\N,\N,\N,"5",\N,\N,\N,\N,"2","28975.5",\N,\N
"1","1","2022","11","2",\N,"4","4019",\N,\N,"31",\N,\N,\N,\N,"5",\N,\N,\N,\N,"2","217279",\N,\N
"1","1","2022","11","2",\N,"4","4019",\N,\N,"21",\N,\N,\N,\N,"5",\N,\N,\N,\N,"2","198982",\N,\N
"1","1","2022","11","2",\N,"4","4019",\N,\N,"11",\N,\N,\N,\N,"5",\N,\N,\N,\N,"2","1786.03",\N,\N
"1","1","2022","11","2",\N,"4","4019",\N,\N,"62",\N,\N,\N,\N,"4",\N,\N,\N,\N,"2","3571.17",\N,\N
"1","1","2022","11","2",\N,"4","4019",\N,\N,"61",\N,\N,\N,\N,"4",\N,\N,\N,\N,"2","874.733",\N,\N
"1","1","2022","11","2",\N,"4","4019",\N,\N,"54",\N,\N,\N,\N,"4",\N,\N,\N,\N,"2","77.348",\N,\N
"1","1","2022","11","2",\N,"4","4019",\N,\N,"53",\N,\N,\N,\N,"4",\N,\N,\N,\N,"2","155.687",\N,\N
"1","1","2022","11","2",\N,"4","4019",\N,\N,"52",\N,\N,\N,\N,"4",\N,\N,\N,\N,"2","2317.37",\N,\N
"1","1","2022","11","2",\N,"4","4019",\N,\N,"51",\N,\N,\N,\N,"4",\N,\N,\N,\N,"2","23.7889",\N,\N
"1","1","2022","11","2",\N,"4","4019",\N,\N,"43",\N,\N,\N,\N,"4",\N,\N,\N,\N,"2","88.2627",\N,\N
"1","1","2022","11","2",\N,"4","4019",\N,\N,"42",\N,\N,\N,\N,"4",\N,\N,\N,\N,"2","77.4467",\N,\N
"1","1","2022","11","2",\N,"4","4019",\N,\N,"41",\N,\N,\N,\N,"4",\N,\N,\N,\N,"2","194.917",\N,\N
"1","1","2022","11","2",\N,"4","4019",\N,\N,"32",\N,\N,\N,\N,"4",\N,\N,\N,\N,"2","4177.83",\N,\N
"1","1","2022","11","2",\N,"4","4019",\N,\N,"31",\N,\N,\N,\N,"4",\N,\N,\N,\N,"2","28717.9",\N,\N
"1","1","2022","11","2",\N,"4","4019",\N,\N,"21",\N,\N,\N,\N,"4",\N,\N,\N,\N,"2","27973.2",\N,\N
"1","1","2022","11","2",\N,"4","4019",\N,\N,"11",\N,\N,\N,\N,"4",\N,\N,\N,\N,"2","192.475",\N,\N
"1","1","2022","11","2",\N,"4","4019",\N,\N,"62",\N,\N,\N,\N,"3",\N,\N,\N,\N,"2","1222.12",\N,\N
"1","1","2022","11","2",\N,"4","4019",\N,\N,"61",\N,\N,\N,\N,"3",\N,\N,\N,\N,"2","424.833",\N,\N
"1","1","2022","11","2",\N,"4","4019",\N,\N,"54",\N,\N,\N,\N,"3",\N,\N,\N,\N,"2","44.0045",\N,\N
"1","1","2022","11","2",\N,"4","4019",\N,\N,"53",\N,\N,\N,\N,"3",\N,\N,\N,\N,"2","73.142",\N,\N
"1","1","2022","11","2",\N,"4","4019",\N,\N,"52",\N,\N,\N,\N,"3",\N,\N,\N,\N,"2","1156.2",\N,\N
"1","1","2022","11","2",\N,"4","4019",\N,\N,"51",\N,\N,\N,\N,"3",\N,\N,\N,\N,"2","11.1128",\N,\N
"1","1","2022","11","2",\N,"4","4019",\N,\N,"43",\N,\N,\N,\N,"3",\N,\N,\N,\N,"2","51.256",\N,\N
"1","1","2022","11","2",\N,"4","4019",\N,\N,"42",\N,\N,\N,\N,"3",\N,\N,\N,\N,"2","28.1739",\N,\N
"1","1","2022","11","2",\N,"4","4019",\N,\N,"41",\N,\N,\N,\N,"3",\N,\N,\N,\N,"2","87.6014",\N,\N
"1","1","2022","11","2",\N,"4","4019",\N,\N,"32",\N,\N,\N,\N,"3",\N,\N,\N,\N,"2","1404.05",\N,\N
"1","1","2022","11","2",\N,"4","4019",\N,\N,"31",\N,\N,\N,\N,"3",\N,\N,\N,\N,"2","13486.7",\N,\N
"1","1","2022","11","2",\N,"4","4019",\N,\N,"21",\N,\N,\N,\N,"3",\N,\N,\N,\N,"2","8768.52",\N,\N
"1","1","2022","11","2",\N,"4","4019",\N,\N,"11",\N,\N,\N,\N,"3",\N,\N,\N,\N,"2","103.359",\N,\N
"1","1","2022","11","2",\N,"4","4019",\N,\N,"62",\N,\N,\N,\N,"2",\N,\N,\N,\N,"2","2677.23",\N,\N
"1","1","2022","11","2",\N,"4","4019",\N,\N,"61",\N,\N,\N,\N,"2",\N,\N,\N,\N,"2","354.223",\N,\N
"1","1","2022","11","2",\N,"4","4019",\N,\N,"54",\N,\N,\N,\N,"2",\N,\N,\N,\N,"2","29.3999",\N,\N
"1","1","2022","11","2",\N,"4","4019",\N,\N,"53",\N,\N,\N,\N,"2",\N,\N,\N,\N,"2","49.4446",\N,\N
"1","1","2022","11","2",\N,"4","4019",\N,\N,"52",\N,\N,\N,\N,"2",\N,\N,\N,\N,"2","730.873",\N,\N
"1","1","2022","11","2",\N,"4","4019",\N,\N,"51",\N,\N,\N,\N,"2",\N,\N,\N,\N,"2","7.1707",\N,\N
"1","1","2022","11","2",\N,"4","4019",\N,\N,"43",\N,\N,\N,\N,"2",\N,\N,\N,\N,"2","32.0405",\N,\N
"1","1","2022","11","2",\N,"4","4019",\N,\N,"42",\N,\N,\N,\N,"2",\N,\N,\N,\N,"2","20.106",\N,\N
"1","1","2022","11","2",\N,"4","4019",\N,\N,"41",\N,\N,\N,\N,"2",\N,\N,\N,\N,"2","63.6649",\N,\N
"1","1","2022","11","2",\N,"4","4019",\N,\N,"32",\N,\N,\N,\N,"2",\N,\N,\N,\N,"2","736.727",\N,\N
"1","1","2022","11","2",\N,"4","4019",\N,\N,"31",\N,\N,\N,\N,"2",\N,\N,\N,\N,"2","6696.56",\N,\N
"1","1","2022","11","2",\N,"4","4019",\N,\N,"21",\N,\N,\N,\N,"2",\N,\N,\N,\N,"2","4763.63",\N,\N
"1","1","2022","11","2",\N,"4","4019",\N,\N,"11",\N,\N,\N,\N,"2",\N,\N,\N,\N,"2","43.3464",\N,\N
"1","1","2022","11","2",\N,"4","4019",\N,\N,"62",\N,\N,\N,\N,"1",\N,\N,\N,\N,"2","93522.4",\N,\N
"1","1","2022","11","2",\N,"4","4019",\N,\N,"61",\N,\N,\N,\N,"1",\N,\N,\N,\N,"2","62892",\N,\N
"1","1","2022","11","2",\N,"4","4019",\N,\N,"54",\N,\N,\N,\N,"1",\N,\N,\N,\N,"2","54284.4",\N,\N
"1","1","2022","11","2",\N,"4","4019",\N,\N,"53",\N,\N,\N,\N,"1",\N,\N,\N,\N,"2","23331.9",\N,\N
"1","1","2022","11","2",\N,"4","4019",\N,\N,"52",\N,\N,\N,\N,"1",\N,\N,\N,\N,"2","535849",\N,\N
"1","1","2022","11","2",\N,"4","4019",\N,\N,"51",\N,\N,\N,\N,"1",\N,\N,\N,\N,"2","3756.01",\N,\N
"1","1","2022","11","2",\N,"4","4019",\N,\N,"43",\N,\N,\N,\N,"1",\N,\N,\N,\N,"2","30248.2",\N,\N
"1","1","2022","11","2",\N,"4","4019",\N,\N,"42",\N,\N,\N,\N,"1",\N,\N,\N,\N,"2","6566.72",\N,\N
"1","1","2022","11","2",\N,"4","4019",\N,\N,"41",\N,\N,\N,\N,"1",\N,\N,\N,\N,"2","20224",\N,\N
"1","1","2022","11","2",\N,"4","4019",\N,\N,"32",\N,\N,\N,\N,"1",\N,\N,\N,\N,"2","904695",\N,\N
"1","1","2022","11","2",\N,"4","4019",\N,\N,"31",\N,\N,\N,\N,"1",\N,\N,\N,\N,"2","7746340",\N,\N
"1","1","2022","11","2",\N,"4","4019",\N,\N,"21",\N,\N,\N,\N,"1",\N,\N,\N,\N,"2","7034620",\N,\N
"1","1","2022","11","2",\N,"4","4019",\N,\N,"11",\N,\N,\N,\N,"1",\N,\N,\N,\N,"2","565697",\N,\N
"1","1","2022","11","2",\N,"4","4019",\N,\N,"62",\N,\N,\N,\N,"5",\N,\N,\N,\N,"1","237320",\N,\N
"1","1","2022","11","2",\N,"4","4019",\N,\N,"61",\N,\N,\N,\N,"5",\N,\N,\N,\N,"1","94789.4",\N,\N
"1","1","2022","11","2",\N,"4","4019",\N,\N,"54",\N,\N,\N,\N,"5",\N,\N,\N,\N,"1","13571.8",\N,\N
"1","1","2022","11","2",\N,"4","4019",\N,\N,"53",\N,\N,\N,\N,"5",\N,\N,\N,\N,"1","25782.1",\N,\N
"1","1","2022","11","2",\N,"4","4019",\N,\N,"52",\N,\N,\N,\N,"5",\N,\N,\N,\N,"1","364852",\N,\N
"1","1","2022","11","2",\N,"4","4019",\N,\N,"51",\N,\N,\N,\N,"5",\N,\N,\N,\N,"1","3570.6",\N,\N
"1","1","2022","11","2",\N,"4","4019",\N,\N,"43",\N,\N,\N,\N,"5",\N,\N,\N,\N,"1","17515.6",\N,\N
"1","1","2022","11","2",\N,"4","4019",\N,\N,"42",\N,\N,\N,\N,"5",\N,\N,\N,\N,"1","12433.1",\N,\N
"1","1","2022","11","2",\N,"4","4019",\N,\N,"41",\N,\N,\N,\N,"5",\N,\N,\N,\N,"1","37761.5",\N,\N
"1","1","2022","11","2",\N,"4","4019",\N,\N,"32",\N,\N,\N,\N,"5",\N,\N,\N,\N,"1","748738",\N,\N
"1","1","2022","11","2",\N,"4","4019",\N,\N,"31",\N,\N,\N,\N,"5",\N,\N,\N,\N,"1","5931070",\N,\N
"1","1","2022","11","2",\N,"4","4019",\N,\N,"21",\N,\N,\N,\N,"5",\N,\N,\N,\N,"1","5366620",\N,\N
"1","1","2022","11","2",\N,"4","4019",\N,\N,"11",\N,\N,\N,\N,"5",\N,\N,\N,\N,"1","48430.6",\N,\N
"1","1","2022","11","2",\N,"4","4019",\N,\N,"62",\N,\N,\N,\N,"4",\N,\N,\N,\N,"1","203422",\N,\N
"1","1","2022","11","2",\N,"4","4019",\N,\N,"61",\N,\N,\N,\N,"4",\N,\N,\N,\N,"1","49930.6",\N,\N
"1","1","2022","11","2",\N,"4","4019",\N,\N,"54",\N,\N,\N,\N,"4",\N,\N,\N,\N,"1","4579.57",\N,\N
"1","1","2022","11","2",\N,"4","4019",\N,\N,"53",\N,\N,\N,\N,"4",\N,\N,\N,\N,"1","8797.98",\N,\N
"1","1","2022","11","2",\N,"4","4019",\N,\N,"52",\N,\N,\N,\N,"4",\N,\N,\N,\N,"1","136506",\N,\N
"1","1","2022","11","2",\N,"4","4019",\N,\N,"51",\N,\N,\N,\N,"4",\N,\N,\N,\N,"1","1408.48",\N,\N
"1","1","2022","11","2",\N,"4","4019",\N,\N,"43",\N,\N,\N,\N,"4",\N,\N,\N,\N,"1","5225.81",\N,\N
"1","1","2022","11","2",\N,"4","4019",\N,\N,"42",\N,\N,\N,\N,"4",\N,\N,\N,\N,"1","4585.41",\N,\N
"1","1","2022","11","2",\N,"4","4019",\N,\N,"41",\N,\N,\N,\N,"4",\N,\N,\N,\N,"1","11540.5",\N,\N
"1","1","2022","11","2",\N,"4","4019",\N,\N,"32",\N,\N,\N,\N,"4",\N,\N,\N,\N,"1","247359",\N,\N
"1","1","2022","11","2",\N,"4","4019",\N,\N,"31",\N,\N,\N,\N,"4",\N,\N,\N,\N,"1","1744340",\N,\N
"1","1","2022","11","2",\N,"4","4019",\N,\N,"21",\N,\N,\N,\N,"4",\N,\N,\N,\N,"1","1684300",\N,\N
"1","1","2022","11","2",\N,"4","4019",\N,\N,"11",\N,\N,\N,\N,"4",\N,\N,\N,\N,"1","11680.1",\N,\N
"1","1","2022","11","2",\N,"4","4019",\N,\N,"62",\N,\N,\N,\N,"3",\N,\N,\N,\N,"1","61079.3",\N,\N
"1","1","2022","11","2",\N,"4","4019",\N,\N,"61",\N,\N,\N,\N,"3",\N,\N,\N,\N,"1","21413.3",\N,\N
"1","1","2022","11","2",\N,"4","4019",\N,\N,"54",\N,\N,\N,\N,"3",\N,\N,\N,\N,"1","2057.73",\N,\N
"1","1","2022","11","2",\N,"4","4019",\N,\N,"53",\N,\N,\N,\N,"3",\N,\N,\N,\N,"1","3612.5",\N,\N
"1","1","2022","11","2",\N,"4","4019",\N,\N,"52",\N,\N,\N,\N,"3",\N,\N,\N,\N,"1","54444",\N,\N
"1","1","2022","11","2",\N,"4","4019",\N,\N,"51",\N,\N,\N,\N,"3",\N,\N,\N,\N,"1","519.653",\N,\N
"1","1","2022","11","2",\N,"4","4019",\N,\N,"43",\N,\N,\N,\N,"3",\N,\N,\N,\N,"1","2396.82",\N,\N
"1","1","2022","11","2",\N,"4","4019",\N,\N,"42",\N,\N,\N,\N,"3",\N,\N,\N,\N,"1","1317.46",\N,\N
"1","1","2022","11","2",\N,"4","4019",\N,\N,"41",\N,\N,\N,\N,"3",\N,\N,\N,\N,"1","4096.4",\N,\N
"1","1","2022","11","2",\N,"4","4019",\N,\N,"32",\N,\N,\N,\N,"3",\N,\N,\N,\N,"1","65656.1",\N,\N
"1","1","2022","11","2",\N,"4","4019",\N,\N,"31",\N,\N,\N,\N,"3",\N,\N,\N,\N,"1","664638",\N,\N
"1","1","2022","11","2",\N,"4","4019",\N,\N,"21",\N,\N,\N,\N,"3",\N,\N,\N,\N,"1","425115",\N,\N
"1","1","2022","11","2",\N,"4","4019",\N,\N,"11",\N,\N,\N,\N,"3",\N,\N,\N,\N,"1","5038.74",\N,\N
"1","1","2022","11","2",\N,"4","4019",\N,\N,"62",\N,\N,\N,\N,"2",\N,\N,\N,\N,"1","164408",\N,\N
"1","1","2022","11","2",\N,"4","4019",\N,\N,"61",\N,\N,\N,\N,"2",\N,\N,\N,\N,"1","21551.9",\N,\N
"1","1","2022","11","2",\N,"4","4019",\N,\N,"54",\N,\N,\N,\N,"2",\N,\N,\N,\N,"1","1938.55",\N,\N
"1","1","2022","11","2",\N,"4","4019",\N,\N,"53",\N,\N,\N,\N,"2",\N,\N,\N,\N,"1","2990.23",\N,\N
"1","1","2022","11","2",\N,"4","4019",\N,\N,"52",\N,\N,\N,\N,"2",\N,\N,\N,\N,"1","48043.2",\N,\N
"1","1","2022","11","2",\N,"4","4019",\N,\N,"51",\N,\N,\N,\N,"2",\N,\N,\N,\N,"1","472.818",\N,\N
"1","1","2022","11","2",\N,"4","4019",\N,\N,"43",\N,\N,\N,\N,"2",\N,\N,\N,\N,"1","2112.66",\N,\N
"1","1","2022","11","2",\N,"4","4019",\N,\N,"42",\N,\N,\N,\N,"2",\N,\N,\N,\N,"1","1325.74",\N,\N
"1","1","2022","11","2",\N,"4","4019",\N,\N,"41",\N,\N,\N,\N,"2",\N,\N,\N,\N,"1","4197.9",\N,\N
"1","1","2022","11","2",\N,"4","4019",\N,\N,"32",\N,\N,\N,\N,"2",\N,\N,\N,\N,"1","48577.9",\N,\N
"1","1","2022","11","2",\N,"4","4019",\N,\N,"31",\N,\N,\N,\N,"2",\N,\N,\N,\N,"1","460086",\N,\N
"1","1","2022","11","2",\N,"4","4019",\N,\N,"21",\N,\N,\N,\N,"2",\N,\N,\N,\N,"1","325527",\N,\N
"1","1","2022","11","2",\N,"4","4019",\N,\N,"11",\N,\N,\N,\N,"2",\N,\N,\N,\N,"1","2981.74",\N,\N
"1","1","2022","10","5",\N,"4","4019",\N,\N,"62",\N,\N,\N,\N,"1",\N,\N,\N,\N,"15","652.405",\N,\N
"1","1","2022","10","5",\N,"4","4019",\N,\N,"62",\N,\N,\N,\N,"1",\N,\N,\N,\N,"14","41.6223",\N,\N
"1","1","2022","10","5",\N,"4","4019",\N,\N,"62",\N,\N,\N,\N,"1",\N,\N,\N,\N,"13","285.675",\N,\N
"1","1","2022","10","5",\N,"4","4019",\N,\N,"62",\N,\N,\N,\N,"1",\N,\N,\N,\N,"7","2496.01",\N,\N
"1","1","2022","10","5",\N,"4","4019",\N,\N,"61",\N,\N,\N,\N,"1",\N,\N,\N,\N,"7","17345.2",\N,\N
"1","1","2022","10","5",\N,"4","4019",\N,\N,"54",\N,\N,\N,\N,"1",\N,\N,\N,\N,"7","1126.21",\N,\N
"1","1","2022","10","5",\N,"4","4019",\N,\N,"53",\N,\N,\N,\N,"1",\N,\N,\N,\N,"7","1402.02",\N,\N
"1","1","2022","10","5",\N,"4","4019",\N,\N,"52",\N,\N,\N,\N,"1",\N,\N,\N,\N,"7","475903",\N,\N
"1","1","2022","10","5",\N,"4","4019",\N,\N,"51",\N,\N,\N,\N,"1",\N,\N,\N,\N,"7","291.035",\N,\N
"1","1","2022","10","5",\N,"4","4019",\N,\N,"43",\N,\N,\N,\N,"1",\N,\N,\N,\N,"7","5345.38",\N,\N
"1","1","2022","10","5",\N,"4","4019",\N,\N,"42",\N,\N,\N,\N,"1",\N,\N,\N,\N,"7","2197.53",\N,\N
"1","1","2022","10","5",\N,"4","4019",\N,\N,"41",\N,\N,\N,\N,"1",\N,\N,\N,\N,"7","6040.73",\N,\N
"1","1","2022","10","5",\N,"4","4019",\N,\N,"32",\N,\N,\N,\N,"1",\N,\N,\N,\N,"7","167033",\N,\N
"1","1","2022","10","5",\N,"4","4019",\N,\N,"31",\N,\N,\N,\N,"1",\N,\N,\N,\N,"7","1344270",\N,\N
"1","1","2022","10","5",\N,"4","4019",\N,\N,"21",\N,\N,\N,\N,"1",\N,\N,\N,\N,"7","1153820",\N,\N
"1","1","2022","10","5",\N,"4","4019",\N,\N,"11",\N,\N,\N,\N,"1",\N,\N,\N,\N,"7","2961.61",\N,\N
"1","1","2022","10","5",\N,"4","4019",\N,\N,"62",\N,\N,\N,\N,"1",\N,\N,\N,\N,"5","88558.6",\N,\N
"1","1","2022","10","5",\N,"4","4019",\N,\N,"61",\N,\N,\N,\N,"1",\N,\N,\N,\N,"5","61305.4",\N,\N
"1","1","2022","10","5",\N,"4","4019",\N,\N,"54",\N,\N,\N,\N,"1",\N,\N,\N,\N,"5","54091.1",\N,\N
"1","1","2022","10","5",\N,"4","4019",\N,\N,"53",\N,\N,\N,\N,"1",\N,\N,\N,\N,"5","22961.8",\N,\N
"1","1","2022","10","5",\N,"4","4019",\N,\N,"52",\N,\N,\N,\N,"1",\N,\N,\N,\N,"5","530547",\N,\N
"1","1","2022","10","5",\N,"4","4019",\N,\N,"51",\N,\N,\N,\N,"1",\N,\N,\N,\N,"5","3703.51",\N,\N
"1","1","2022","10","5",\N,"4","4019",\N,\N,"43",\N,\N,\N,\N,"1",\N,\N,\N,\N,"5","30008.5",\N,\N
"1","1","2022","10","5",\N,"4","4019",\N,\N,"42",\N,\N,\N,\N,"1",\N,\N,\N,\N,"5","6391.93",\N,\N
"1","1","2022","10","5",\N,"4","4019",\N,\N,"41",\N,\N,\N,\N,"1",\N,\N,\N,\N,"5","19714.5",\N,\N
"1","1","2022","10","5",\N,"4","4019",\N,\N,"32",\N,\N,\N,\N,"1",\N,\N,\N,\N,"5","894643",\N,\N
"1","1","2022","10","5",\N,"4","4019",\N,\N,"31",\N,\N,\N,\N,"1",\N,\N,\N,\N,"5","7664270",\N,\N
"1","1","2022","10","5",\N,"4","4019",\N,\N,"21",\N,\N,\N,\N,"1",\N,\N,\N,\N,"5","6959160",\N,\N
"1","1","2022","10","5",\N,"4","4019",\N,\N,"11",\N,\N,\N,\N,"1",\N,\N,\N,\N,"5","562530",\N,\N
"1","1","2022","10","5",\N,"4","4019",\N,\N,"62",\N,\N,\N,\N,"5",\N,\N,\N,\N,"4","10954.7",\N,\N
"1","1","2022","10","5",\N,"4","4019",\N,\N,"61",\N,\N,\N,\N,"5",\N,\N,\N,\N,"4","4400.67",\N,\N
"1","1","2022","10","5",\N,"4","4019",\N,\N,"54",\N,\N,\N,\N,"5",\N,\N,\N,\N,"4","726.159",\N,\N
"1","1","2022","10","5",\N,"4","4019",\N,\N,"53",\N,\N,\N,\N,"5",\N,\N,\N,\N,"4","1190.85",\N,\N
"1","1","2022","10","5",\N,"4","4019",\N,\N,"52",\N,\N,\N,\N,"5",\N,\N,\N,\N,"4","19540.2",\N,\N
"1","1","2022","10","5",\N,"4","4019",\N,\N,"51",\N,\N,\N,\N,"5",\N,\N,\N,\N,"4","191.046",\N,\N
"1","1","2022","10","5",\N,"4","4019",\N,\N,"43",\N,\N,\N,\N,"5",\N,\N,\N,\N,"4","937.173",\N,\N
"1","1","2022","10","5",\N,"4","4019",\N,\N,"42",\N,\N,\N,\N,"5",\N,\N,\N,\N,"4","665.233",\N,\N
"1","1","2022","10","5",\N,"4","4019",\N,\N,"41",\N,\N,\N,\N,"5",\N,\N,\N,\N,"4","2020.44",\N,\N
"1","1","2022","10","5",\N,"4","4019",\N,\N,"32",\N,\N,\N,\N,"5",\N,\N,\N,\N,"4","40061.3",\N,\N
"1","1","2022","10","5",\N,"4","4019",\N,\N,"31",\N,\N,\N,\N,"5",\N,\N,\N,\N,"4","309154",\N,\N
"1","1","2022","10","5",\N,"4","4019",\N,\N,"21",\N,\N,\N,\N,"5",\N,\N,\N,\N,"4","283848",\N,\N
"1","1","2022","10","5",\N,"4","4019",\N,\N,"11",\N,\N,\N,\N,"5",\N,\N,\N,\N,"4","5079.53",\N,\N
"1","1","2022","10","5",\N,"4","4019",\N,\N,"62",\N,\N,\N,\N,"4",\N,\N,\N,\N,"4","5134.2",\N,\N
"1","1","2022","10","5",\N,"4","4019",\N,\N,"61",\N,\N,\N,\N,"4",\N,\N,\N,\N,"4","1259.3",\N,\N
"1","1","2022","10","5",\N,"4","4019",\N,\N,"54",\N,\N,\N,\N,"4",\N,\N,\N,\N,"4","115.033",\N,\N
"1","1","2022","10","5",\N,"4","4019",\N,\N,"53",\N,\N,\N,\N,"4",\N,\N,\N,\N,"4","225.682",\N,\N
"1","1","2022","10","5",\N,"4","4019",\N,\N,"52",\N,\N,\N,\N,"4",\N,\N,\N,\N,"4","3435.25",\N,\N
"1","1","2022","10","5",\N,"4","4019",\N,\N,"51",\N,\N,\N,\N,"4",\N,\N,\N,\N,"4","35.3792",\N,\N
"1","1","2022","10","5",\N,"4","4019",\N,\N,"43",\N,\N,\N,\N,"4",\N,\N,\N,\N,"4","131.265",\N,\N
"1","1","2022","10","5",\N,"4","4019",\N,\N,"42",\N,\N,\N,\N,"4",\N,\N,\N,\N,"4","115.18",\N,\N
"1","1","2022","10","5",\N,"4","4019",\N,\N,"41",\N,\N,\N,\N,"4",\N,\N,\N,\N,"4","289.883",\N,\N
"1","1","2022","10","5",\N,"4","4019",\N,\N,"32",\N,\N,\N,\N,"4",\N,\N,\N,\N,"4","6213.33",\N,\N
"1","1","2022","10","5",\N,"4","4019",\N,\N,"31",\N,\N,\N,\N,"4",\N,\N,\N,\N,"4","43660.3",\N,\N
"1","1","2022","10","5",\N,"4","4019",\N,\N,"21",\N,\N,\N,\N,"4",\N,\N,\N,\N,"4","42938.6",\N,\N
"1","1","2022","10","5",\N,"4","4019",\N,\N,"11",\N,\N,\N,\N,"4",\N,\N,\N,\N,"4","586.886",\N,\N
"1","1","2022","10","5",\N,"4","4019",\N,\N,"62",\N,\N,\N,\N,"3",\N,\N,\N,\N,"4","1334.93",\N,\N
"1","1","2022","10","5",\N,"4","4019",\N,\N,"61",\N,\N,\N,\N,"3",\N,\N,\N,\N,"4","464.698",\N,\N
"1","1","2022","10","5",\N,"4","4019",\N,\N,"54",\N,\N,\N,\N,"3",\N,\N,\N,\N,"4","48.0923",\N,\N
"1","1","2022","10","5",\N,"4","4019",\N,\N,"53",\N,\N,\N,\N,"3",\N,\N,\N,\N,"4","80.0424",\N,\N
"1","1","2022","10","5",\N,"4","4019",\N,\N,"52",\N,\N,\N,\N,"3",\N,\N,\N,\N,"4","1263.25",\N,\N
"1","1","2022","10","5",\N,"4","4019",\N,\N,"51",\N,\N,\N,\N,"3",\N,\N,\N,\N,"4","12.1451",\N,\N
"1","1","2022","10","5",\N,"4","4019",\N,\N,"43",\N,\N,\N,\N,"3",\N,\N,\N,\N,"4","56.0174",\N,\N
"1","1","2022","10","5",\N,"4","4019",\N,\N,"42",\N,\N,\N,\N,"3",\N,\N,\N,\N,"4","30.7911",\N,\N
"1","1","2022","10","5",\N,"4","4019",\N,\N,"41",\N,\N,\N,\N,"3",\N,\N,\N,\N,"4","95.7392",\N,\N
"1","1","2022","10","5",\N,"4","4019",\N,\N,"32",\N,\N,\N,\N,"3",\N,\N,\N,\N,"4","1534.48",\N,\N
"1","1","2022","10","5",\N,"4","4019",\N,\N,"31",\N,\N,\N,\N,"3",\N,\N,\N,\N,"4","14747.6",\N,\N
"1","1","2022","10","5",\N,"4","4019",\N,\N,"21",\N,\N,\N,\N,"3",\N,\N,\N,\N,"4","9591.38",\N,\N
"1","1","2022","10","5",\N,"4","4019",\N,\N,"11",\N,\N,\N,\N,"3",\N,\N,\N,\N,"4","225.067",\N,\N
"1","1","2022","10","5",\N,"4","4019",\N,\N,"62",\N,\N,\N,\N,"2",\N,\N,\N,\N,"4","2889.75",\N,\N
"1","1","2022","10","5",\N,"4","4019",\N,\N,"61",\N,\N,\N,\N,"2",\N,\N,\N,\N,"4","382.538",\N,\N
"1","1","2022","10","5",\N,"4","4019",\N,\N,"54",\N,\N,\N,\N,"2",\N,\N,\N,\N,"4","31.8012",\N,\N
"1","1","2022","10","5",\N,"4","4019",\N,\N,"53",\N,\N,\N,\N,"2",\N,\N,\N,\N,"4","53.3668",\N,\N
"1","1","2022","10","5",\N,"4","4019",\N,\N,"52",\N,\N,\N,\N,"2",\N,\N,\N,\N,"4","790.754",\N,\N
"1","1","2022","10","5",\N,"4","4019",\N,\N,"51",\N,\N,\N,\N,"2",\N,\N,\N,\N,"4","7.75637",\N,\N
"1","1","2022","10","5",\N,"4","4019",\N,\N,"43",\N,\N,\N,\N,"2",\N,\N,\N,\N,"4","34.6573",\N,\N
"1","1","2022","10","5",\N,"4","4019",\N,\N,"42",\N,\N,\N,\N,"2",\N,\N,\N,\N,"4","21.7481",\N,\N
"1","1","2022","10","5",\N,"4","4019",\N,\N,"41",\N,\N,\N,\N,"2",\N,\N,\N,\N,"4","68.8647",\N,\N
"1","1","2022","10","5",\N,"4","4019",\N,\N,"32",\N,\N,\N,\N,"2",\N,\N,\N,\N,"4","796.899",\N,\N
"1","1","2022","10","5",\N,"4","4019",\N,\N,"31",\N,\N,\N,\N,"2",\N,\N,\N,\N,"4","7296.63",\N,\N
"1","1","2022","10","5",\N,"4","4019",\N,\N,"21",\N,\N,\N,\N,"2",\N,\N,\N,\N,"4","5205.02",\N,\N
"1","1","2022","10","5",\N,"4","4019",\N,\N,"11",\N,\N,\N,\N,"2",\N,\N,\N,\N,"4","94.0955",\N,\N
"1","1","2022","10","5",\N,"4","4019",\N,\N,"62",\N,\N,\N,\N,"1",\N,\N,\N,\N,"4","1768.96",\N,\N
"1","1","2022","10","5",\N,"4","4019",\N,\N,"61",\N,\N,\N,\N,"1",\N,\N,\N,\N,"4","2418.97",\N,\N
"1","1","2022","10","5",\N,"4","4019",\N,\N,"54",\N,\N,\N,\N,"1",\N,\N,\N,\N,"4","0",\N,\N
"1","1","2022","10","5",\N,"4","4019",\N,\N,"53",\N,\N,\N,\N,"1",\N,\N,\N,\N,"4","570.606",\N,\N
"1","1","2022","10","5",\N,"4","4019",\N,\N,"52",\N,\N,\N,\N,"1",\N,\N,\N,\N,"4","9005.97",\N,\N
"1","1","2022","10","5",\N,"4","4019",\N,\N,"51",\N,\N,\N,\N,"1",\N,\N,\N,\N,"4","148.421",\N,\N
"1","1","2022","10","5",\N,"4","4019",\N,\N,"43",\N,\N,\N,\N,"1",\N,\N,\N,\N,"4","110.609",\N,\N
"1","1","2022","10","5",\N,"4","4019",\N,\N,"42",\N,\N,\N,\N,"1",\N,\N,\N,\N,"4","198.596",\N,\N
"1","1","2022","10","5",\N,"4","4019",\N,\N,"41",\N,\N,\N,\N,"1",\N,\N,\N,\N,"4","1032.8",\N,\N
"1","1","2022","10","5",\N,"4","4019",\N,\N,"32",\N,\N,\N,\N,"1",\N,\N,\N,\N,"4","6100",\N,\N
"1","1","2022","10","5",\N,"4","4019",\N,\N,"31",\N,\N,\N,\N,"1",\N,\N,\N,\N,"4","54124.2",\N,\N
"1","1","2022","10","5",\N,"4","4019",\N,\N,"21",\N,\N,\N,\N,"1",\N,\N,\N,\N,"4","46363.6",\N,\N
"1","1","2022","10","5",\N,"4","4019",\N,\N,"11",\N,\N,\N,\N,"1",\N,\N,\N,\N,"4","0",\N,\N
"1","1","2022","10","5",\N,"4","4019",\N,\N,"62",\N,\N,\N,\N,"1",\N,\N,\N,\N,"3","2282.32",\N,\N
"1","1","2022","10","5",\N,"4","4019",\N,\N,"62",\N,\N,\N,\N,"5",\N,\N,\N,\N,"2","10954.7",\N,\N
"1","1","2022","10","5",\N,"4","4019",\N,\N,"61",\N,\N,\N,\N,"5",\N,\N,\N,\N,"2","4400.67",\N,\N
"1","1","2022","10","5",\N,"4","4019",\N,\N,"54",\N,\N,\N,\N,"5",\N,\N,\N,\N,"2","726.159",\N,\N
"1","1","2022","10","5",\N,"4","4019",\N,\N,"53",\N,\N,\N,\N,"5",\N,\N,\N,\N,"2","1190.85",\N,\N
"1","1","2022","10","5",\N,"4","4019",\N,\N,"52",\N,\N,\N,\N,"5",\N,\N,\N,\N,"2","19540.2",\N,\N
"1","1","2022","10","5",\N,"4","4019",\N,\N,"51",\N,\N,\N,\N,"5",\N,\N,\N,\N,"2","191.046",\N,\N
"1","1","2022","10","5",\N,"4","4019",\N,\N,"43",\N,\N,\N,\N,"5",\N,\N,\N,\N,"2","937.173",\N,\N
"1","1","2022","10","5",\N,"4","4019",\N,\N,"42",\N,\N,\N,\N,"5",\N,\N,\N,\N,"2","665.233",\N,\N
"1","1","2022","10","5",\N,"4","4019",\N,\N,"41",\N,\N,\N,\N,"5",\N,\N,\N,\N,"2","2020.44",\N,\N
"1","1","2022","10","5",\N,"4","4019",\N,\N,"32",\N,\N,\N,\N,"5",\N,\N,\N,\N,"2","40061.3",\N,\N
"1","1","2022","10","5",\N,"4","4019",\N,\N,"31",\N,\N,\N,\N,"5",\N,\N,\N,\N,"2","309154",\N,\N
"1","1","2022","10","5",\N,"4","4019",\N,\N,"21",\N,\N,\N,\N,"5",\N,\N,\N,\N,"2","283848",\N,\N
"1","1","2022","10","5",\N,"4","4019",\N,\N,"11",\N,\N,\N,\N,"5",\N,\N,\N,\N,"2","5079.53",\N,\N
"1","1","2022","10","5",\N,"4","4019",\N,\N,"62",\N,\N,\N,\N,"4",\N,\N,\N,\N,"2","5134.2",\N,\N
"1","1","2022","10","5",\N,"4","4019",\N,\N,"61",\N,\N,\N,\N,"4",\N,\N,\N,\N,"2","1259.3",\N,\N
"1","1","2022","10","5",\N,"4","4019",\N,\N,"54",\N,\N,\N,\N,"4",\N,\N,\N,\N,"2","115.033",\N,\N
"1","1","2022","10","5",\N,"4","4019",\N,\N,"53",\N,\N,\N,\N,"4",\N,\N,\N,\N,"2","225.682",\N,\N
"1","1","2022","10","5",\N,"4","4019",\N,\N,"52",\N,\N,\N,\N,"4",\N,\N,\N,\N,"2","3435.25",\N,\N
"1","1","2022","10","5",\N,"4","4019",\N,\N,"51",\N,\N,\N,\N,"4",\N,\N,\N,\N,"2","35.3792",\N,\N
"1","1","2022","10","5",\N,"4","4019",\N,\N,"43",\N,\N,\N,\N,"4",\N,\N,\N,\N,"2","131.265",\N,\N
"1","1","2022","10","5",\N,"4","4019",\N,\N,"42",\N,\N,\N,\N,"4",\N,\N,\N,\N,"2","115.18",\N,\N
"1","1","2022","10","5",\N,"4","4019",\N,\N,"41",\N,\N,\N,\N,"4",\N,\N,\N,\N,"2","289.883",\N,\N
"1","1","2022","10","5",\N,"4","4019",\N,\N,"32",\N,\N,\N,\N,"4",\N,\N,\N,\N,"2","6213.33",\N,\N
"1","1","2022","10","5",\N,"4","4019",\N,\N,"31",\N,\N,\N,\N,"4",\N,\N,\N,\N,"2","43660.3",\N,\N
"1","1","2022","10","5",\N,"4","4019",\N,\N,"21",\N,\N,\N,\N,"4",\N,\N,\N,\N,"2","42938.6",\N,\N
"1","1","2022","10","5",\N,"4","4019",\N,\N,"11",\N,\N,\N,\N,"4",\N,\N,\N,\N,"2","586.886",\N,\N
"1","1","2022","10","5",\N,"4","4019",\N,\N,"62",\N,\N,\N,\N,"3",\N,\N,\N,\N,"2","1334.93",\N,\N
"1","1","2022","10","5",\N,"4","4019",\N,\N,"61",\N,\N,\N,\N,"3",\N,\N,\N,\N,"2","464.698",\N,\N
"1","1","2022","10","5",\N,"4","4019",\N,\N,"54",\N,\N,\N,\N,"3",\N,\N,\N,\N,"2","48.0923",\N,\N
"1","1","2022","10","5",\N,"4","4019",\N,\N,"53",\N,\N,\N,\N,"3",\N,\N,\N,\N,"2","80.0424",\N,\N
"1","1","2022","10","5",\N,"4","4019",\N,\N,"52",\N,\N,\N,\N,"3",\N,\N,\N,\N,"2","1263.25",\N,\N
"1","1","2022","10","5",\N,"4","4019",\N,\N,"51",\N,\N,\N,\N,"3",\N,\N,\N,\N,"2","12.1451",\N,\N
"1","1","2022","10","5",\N,"4","4019",\N,\N,"43",\N,\N,\N,\N,"3",\N,\N,\N,\N,"2","56.0174",\N,\N
"1","1","2022","10","5",\N,"4","4019",\N,\N,"42",\N,\N,\N,\N,"3",\N,\N,\N,\N,"2","30.7911",\N,\N
"1","1","2022","10","5",\N,"4","4019",\N,\N,"41",\N,\N,\N,\N,"3",\N,\N,\N,\N,"2","95.7392",\N,\N
"1","1","2022","10","5",\N,"4","4019",\N,\N,"32",\N,\N,\N,\N,"3",\N,\N,\N,\N,"2","1534.48",\N,\N
"1","1","2022","10","5",\N,"4","4019",\N,\N,"31",\N,\N,\N,\N,"3",\N,\N,\N,\N,"2","14747.6",\N,\N
"1","1","2022","10","5",\N,"4","4019",\N,\N,"21",\N,\N,\N,\N,"3",\N,\N,\N,\N,"2","9591.38",\N,\N
"1","1","2022","10","5",\N,"4","4019",\N,\N,"11",\N,\N,\N,\N,"3",\N,\N,\N,\N,"2","225.067",\N,\N
"1","1","2022","10","5",\N,"4","4019",\N,\N,"62",\N,\N,\N,\N,"2",\N,\N,\N,\N,"2","2889.75",\N,\N
"1","1","2022","10","5",\N,"4","4019",\N,\N,"61",\N,\N,\N,\N,"2",\N,\N,\N,\N,"2","382.538",\N,\N
"1","1","2022","10","5",\N,"4","4019",\N,\N,"54",\N,\N,\N,\N,"2",\N,\N,\N,\N,"2","31.8012",\N,\N
"1","1","2022","10","5",\N,"4","4019",\N,\N,"53",\N,\N,\N,\N,"2",\N,\N,\N,\N,"2","53.3668",\N,\N
"1","1","2022","10","5",\N,"4","4019",\N,\N,"52",\N,\N,\N,\N,"2",\N,\N,\N,\N,"2","790.754",\N,\N
