sourceTypeID,yearID,ageID,ageFraction
11,2023,0,0.054937921
11,2023,1,0.051242918
11,2023,2,0.039952727
11,2023,3,0.035357741
11,2023,4,0.03720809
11,2023,5,0.037409214
11,2023,6,0.035438191
11,2023,7,0.037570114
11,2023,8,0.042718909
11,2023,9,0.040546761
11,2023,10,0.036081791
11,2023,11,0.032622444
11,2023,12,0.022928228
11,2023,13,0.019991806
11,2023,14,0.04223621
11,2023,15,0.042799359
11,2023,16,0.055711572
11,2023,17,0.053378524
11,2023,18,0.049034228
11,2023,19,0.034191217
11,2023,20,0.041632835
11,2023,21,0.03145592
11,2023,22,0.02634735
11,2023,23,0.024175202
11,2023,24,0.016974934
11,2023,25,0.013998287
11,2023,26,0.011946814
11,2023,27,0.01069984
11,2023,28,0.008929941
11,2023,29,0.007803643
11,2023,30,0.004677268
21,2023,0,0.042518101
21,2023,1,0.040005551
21,2023,2,0.048214047
21,2023,3,0.052979859
21,2023,4,0.0525675
21,2023,5,0.05549137
21,2023,6,0.063760227
21,2023,7,0.061857423
21,2023,8,0.068092191
21,2023,9,0.057823481
21,2023,10,0.06138464
21,2023,11,0.050373443
21,2023,12,0.037147375
21,2023,13,0.035716002
21,2023,14,0.027985841
21,2023,15,0.032771982
21,2023,16,0.035251812
21,2023,17,0.029729817
21,2023,18,0.027003367
21,2023,19,0.022060898
21,2023,20,0.019617536
21,2023,21,0.01595287
21,2023,22,0.013553191
21,2023,23,0.012540687
21,2023,24,0.009279342
21,2023,25,0.007523069
21,2023,26,0.006029937
21,2023,27,0.004266477
21,2023,28,0.003699045
21,2023,29,0.002663006
21,2023,30,0.002139914
31,2023,0,0.064783431
31,2023,1,0.061833768
31,2023,2,0.068136432
31,2023,3,0.06471916
31,2023,4,0.055424252
31,2023,5,0.055920141
31,2023,6,0.054362078
31,2023,7,0.049302307
31,2023,8,0.047187166
31,2023,9,0.039789726
31,2023,10,0.034480904
31,2023,11,0.029809255
31,2023,12,0.030022209
31,2023,13,0.023640951
31,2023,14,0.017515576
31,2023,15,0.029142141
31,2023,16,0.029936064
31,2023,17,0.028745116
31,2023,18,0.028663427
31,2023,19,0.028257898
31,2023,20,0.024064263
31,2023,21,0.021452239
31,2023,22,0.017926242
31,2023,23,0.015808538
31,2023,24,0.013255783
31,2023,25,0.009854245
31,2023,26,0.009202989
31,2023,27,0.006204082
31,2023,28,0.00606772
31,2023,29,0.005157042
31,2023,30,0.029334856
32,2023,0,0.064783431
32,2023,1,0.061577501
32,2023,2,0.067632847
32,2023,3,0.064041745
32,2023,4,0.121810597
32,2023,5,0.077435636
32,2023,6,0.068638254
32,2023,7,0.055368556
32,2023,8,0.049161552
32,2023,9,0.039326669
32,2023,10,0.03392355
32,2023,11,0.028759843
32,2023,12,0.025715903
32,2023,13,0.018085498
32,2023,14,0.014201564
32,2023,15,0.024770434
32,2023,16,0.021228201
32,2023,17,0.021769642
32,2023,18,0.01810653
32,2023,19,0.016347365
32,2023,20,0.013830273
32,2023,21,0.01168664
32,2023,22,0.010560099
32,2023,23,0.009406247
32,2023,24,0.00796316
32,2023,25,0.005487862
32,2023,26,0.005514273
32,2023,27,0.003716749
32,2023,28,0.003790753
32,2023,29,0.003179999
32,2023,30,0.03217863
41,2023,0,0.052424848
41,2023,1,0.051046283
41,2023,2,0.063393648
41,2023,3,0.062217883
41,2023,4,0.053809096
41,2023,5,0.049322525
41,2023,6,0.056086568
41,2023,7,0.058123889
41,2023,8,0.049625253
41,2023,9,0.041627572
41,2023,10,0.042578403
41,2023,11,0.030734967
41,2023,12,0.031082738
41,2023,13,0.029873785
41,2023,14,0.032980563
41,2023,15,0.031456796
41,2023,16,0.033095419
41,2023,17,0.031737163
41,2023,18,0.019686153
41,2023,19,0.015082437
41,2023,20,0.021675124
41,2023,21,0.02064309
41,2023,22,0.020220705
41,2023,23,0.020900798
41,2023,24,0.017938343
41,2023,25,0.014208101
41,2023,26,0.008280727
41,2023,27,0.007233989
41,2023,28,0.004956296
41,2023,29,0.003727539
41,2023,30,0.024229296
42,2023,0,0.052424848
42,2023,1,0.051020674
42,2023,2,0.061151489
42,2023,3,0.061489339
42,2023,4,0.091880157
42,2023,5,0.082032153
42,2023,6,0.083308856
42,2023,7,0.083681785
42,2023,8,0.064923503
42,2023,9,0.060873136
42,2023,10,0.048527597
42,2023,11,0.042635115
42,2023,12,0.037093736
42,2023,13,0.039317099
42,2023,14,0.038741752
42,2023,15,0.028220644
42,2023,16,0.020098681
42,2023,17,0.018137421
42,2023,18,0.009510029
42,2023,19,0.006140104
42,2023,20,0.005998565
42,2023,21,0.006506377
42,2023,22,0.002836471
42,2023,23,0.001627094
42,2023,24,0.000528134
42,2023,25,0.000436645
42,2023,26,0.000372403
42,2023,27,0.000224169
42,2023,28,9.56408E-05
42,2023,29,8.08E-05
42,2023,30,8.56E-05
43,2023,0,0.052424848
43,2023,1,0.051145237
43,2023,2,0.054175179
43,2023,3,0.063951212
43,2023,4,0.054983372
43,2023,5,0.054436052
43,2023,6,0.054273616
43,2023,7,0.046408098
43,2023,8,0.042921531
43,2023,9,0.037938006
43,2023,10,0.033034852
43,2023,11,0.035078196
43,2023,12,0.038596535
43,2023,13,0.036037834
43,2023,14,0.045678009
43,2023,15,0.046253797
43,2023,16,0.040389041
43,2023,17,0.023487105
43,2023,18,0.020399089
43,2023,19,0.021919455
43,2023,20,0.014981122
43,2023,21,0.017328999
43,2023,22,0.018005308
43,2023,23,0.015492759
43,2023,24,0.013787255
43,2023,25,0.01124478
43,2023,26,0.010102412
43,2023,27,0.008196895
43,2023,28,0.008363729
43,2023,29,0.004556056
43,2023,30,0.024409622
51,2023,0,0.05236694
51,2023,1,0.050639884
51,2023,2,0.04687964
51,2023,3,0.043621483
51,2023,4,0.054525144
51,2023,5,0.048499808
51,2023,6,0.043665626
51,2023,7,0.047894687
51,2023,8,0.037547102
51,2023,9,0.031061686
51,2023,10,0.031237537
51,2023,11,0.028727415
51,2023,12,0.021532719
51,2023,13,0.016859748
51,2023,14,0.027624893
51,2023,15,0.022121802
51,2023,16,0.064588791
51,2023,17,0.050225986
51,2023,18,0.040066618
51,2023,19,0.030417157
51,2023,20,0.030880358
51,2023,21,0.025917208
51,2023,22,0.025433622
51,2023,23,0.028622611
51,2023,24,0.021424132
51,2023,25,0.013072605
51,2023,26,0.009516056
51,2023,27,0.009673785
51,2023,28,0.011239314
51,2023,29,0.006163561
51,2023,30,0.027952082
52,2023,0,0.05236694
52,2023,1,0.050355308
52,2023,2,0.057005404
52,2023,3,0.052326494
52,2023,4,0.051381465
52,2023,5,0.03935382
52,2023,6,0.045477687
52,2023,7,0.044061258
52,2023,8,0.042740147
52,2023,9,0.027327341
52,2023,10,0.025257903
52,2023,11,0.033846998
52,2023,12,0.026111351
52,2023,13,0.011759631
52,2023,14,0.014424208
52,2023,15,0.032583611
52,2023,16,0.032161833
52,2023,17,0.037992168
52,2023,18,0.031138329
52,2023,19,0.023548763
52,2023,20,0.020616642
52,2023,21,0.019499857
52,2023,22,0.0228253
52,2023,23,0.022773226
52,2023,24,0.022146601
52,2023,25,0.01125575
52,2023,26,0.013057512
52,2023,27,0.009895724
52,2023,28,0.011662802
52,2023,29,0.007885309
52,2023,30,0.107160619
53,2023,0,0.05236694
53,2023,1,0.05035535
53,2023,2,0.057005431
53,2023,3,0.05232652
53,2023,4,0.051381456
53,2023,5,0.039353805
53,2023,6,0.045477672
53,2023,7,0.044061253
53,2023,8,0.042740134
53,2023,9,0.027327339
53,2023,10,0.025257901
53,2023,11,0.033846988
53,2023,12,0.02611135
53,2023,13,0.011759628
53,2023,14,0.014424207
53,2023,15,0.03258361
53,2023,16,0.032161825
53,2023,17,0.037992168
53,2023,18,0.031138323
53,2023,19,0.023548764
53,2023,20,0.020616639
53,2023,21,0.019499858
53,2023,22,0.022825302
53,2023,23,0.022773222
53,2023,24,0.022146603
53,2023,25,0.011255751
53,2023,26,0.01305751
53,2023,27,0.009895725
53,2023,28,0.011662803
53,2023,29,0.007885308
53,2023,30,0.107160615
54,2023,0,0.05236694
54,2023,1,0.050488652
54,2023,2,0.045103196
54,2023,3,0.042410468
54,2023,4,0.044878802
54,2023,5,0.053368516
54,2023,6,0.046440731
54,2023,7,0.036663735
54,2023,8,0.037367535
54,2023,9,0.033829781
54,2023,10,0.022110968
54,2023,11,0.014961013
54,2023,12,0.016281102
54,2023,13,0.009413565
54,2023,14,0.008756805
54,2023,15,0.026708254
54,2023,16,0.035941181
54,2023,17,0.045743321
54,2023,18,0.039661693
54,2023,19,0.041612268
54,2023,20,0.037089355
54,2023,21,0.031698461
54,2023,22,0.029757739
54,2023,23,0.039046464
54,2023,24,0.037759218
54,2023,25,0.022312265
54,2023,26,0.021771515
54,2023,27,0.022198408
54,2023,28,0.018356375
54,2023,29,0.020173388
54,2023,30,0.015728288
61,2023,0,0.052516986
61,2023,1,0.052030376
61,2023,2,0.052093731
61,2023,3,0.048785557
61,2023,4,0.041897297
61,2023,5,0.042265696
61,2023,6,0.041723835
61,2023,7,0.059562598
61,2023,8,0.04930441
61,2023,9,0.039900415
61,2023,10,0.037942378
61,2023,11,0.035570699
61,2023,12,0.019802494
61,2023,13,0.014852808
61,2023,14,0.018466882
61,2023,15,0.014881054
61,2023,16,0.038091679
61,2023,17,0.029487882
61,2023,18,0.028095923
61,2023,19,0.018461641
61,2023,20,0.017659625
61,2023,21,0.013698845
61,2023,22,0.019674949
61,2023,23,0.026427189
61,2023,24,0.022394115
61,2023,25,0.01896136
61,2023,26,0.016551552
61,2023,27,0.016291659
61,2023,28,0.02081043
61,2023,29,0.014098248
61,2023,30,0.077697686
62,2023,0,0.052516986
62,2023,1,0.05189628
62,2023,2,0.091928917
62,2023,3,0.080082533
62,2023,4,0.08200157
62,2023,5,0.043494886
62,2023,6,0.028899555
62,2023,7,0.045839181
62,2023,8,0.041176066
62,2023,9,0.030601866
62,2023,10,0.030446476
62,2023,11,0.031532822
62,2023,12,0.017064571
62,2023,13,0.015842397
62,2023,14,0.022510914
62,2023,15,0.017399137
62,2023,16,0.057678404
62,2023,17,0.035285365
62,2023,18,0.031001966
62,2023,19,0.016712182
62,2023,20,0.015030218
62,2023,21,0.010234683
62,2023,22,0.016360277
62,2023,23,0.025172871
62,2023,24,0.019237119
62,2023,25,0.01297204
62,2023,26,0.009199716
62,2023,27,0.010298567
62,2023,28,0.009545547
62,2023,29,0.007444209
62,2023,30,0.040592677
