sourceTypeID,modelYearID,fuelTypeID,engTechID,fuelEngFraction
11,1992,1,1,1
11,1993,1,1,1
11,1994,1,1,1
11,1995,1,1,1
11,1996,1,1,1
11,1997,1,1,1
11,1998,1,1,1
11,1999,1,1,1
11,2000,1,1,1
11,2001,1,1,1
11,2002,1,1,1
11,2003,1,1,1
11,2004,1,1,1
11,2005,1,1,1
11,2006,1,1,1
11,2007,1,1,1
11,2008,1,1,1
11,2009,1,1,1
11,2010,1,1,1
11,2011,1,1,1
11,2012,1,1,1
11,2013,1,1,1
11,2014,1,1,1
11,2015,1,1,1
11,2016,1,1,1
11,2017,1,1,1
11,2018,1,1,1
11,2019,1,1,1
11,2020,1,1,1
11,2021,1,1,1
11,2022,1,1,1
11,2023,1,1,1
21,1992,1,1,0.991044776
21,1992,2,1,0.008955224
21,1992,5,1,0
21,1992,9,30,0
21,1993,1,1,0.997455471
21,1993,2,1,0.002544529
21,1993,5,1,0
21,1993,9,30,0
21,1994,1,1,0.99694501
21,1994,2,1,0.00305499
21,1994,5,1,0
21,1994,9,30,0
21,1995,1,1,0.99339207
21,1995,2,1,0.00660793
21,1995,5,1,0
21,1995,9,30,0
21,1996,1,1,0.992361553
21,1996,2,1,0.007638447
21,1996,5,1,0
21,1996,9,30,0
21,1997,1,1,0.995944119
21,1997,2,1,0.004055881
21,1997,5,1,0
21,1997,9,30,0
21,1998,1,1,0.996742671
21,1998,2,1,0.003257329
21,1998,5,1,0
21,1998,9,30,0
21,1999,1,1,0.995892019
21,1999,2,1,0.004107981
21,1999,5,1,0
21,1999,9,30,0
21,2000,1,1,0.996084402
21,2000,2,1,0.003262998
21,2000,5,1,0
21,2000,9,30,0.0006526
21,2001,1,1,0.995157385
21,2001,2,1,0.004439064
21,2001,5,1,0
21,2001,9,30,0.000403551
21,2002,1,1,0.99553111
21,2002,2,1,0.00446889
21,2002,5,1,0
21,2002,9,30,0
21,2003,1,1,0.995510032
21,2003,2,1,0.004489968
21,2003,5,1,0
21,2003,9,30,0
21,2004,1,1,0.996236357
21,2004,2,1,0.003763643
21,2004,5,1,0
21,2004,9,30,0
21,2005,1,1,0.996390636
21,2005,2,1,0.003609364
21,2005,5,1,0
21,2005,9,30,0
21,2006,1,1,0.991970527
21,2006,2,1,0.007840544
21,2006,5,1,0
21,2006,9,30,0.000188929
21,2007,1,1,0.998953048
21,2007,2,1,0.000724813
21,2007,5,1,0
21,2007,9,30,0.000322139
21,2008,1,1,0.997629499
21,2008,2,1,0.002194908
21,2008,5,1,0
21,2008,9,30,0.000175593
21,2009,1,1,0.99864173
21,2009,2,1,0.00135827
21,2009,5,1,0
21,2009,9,30,0
21,2010,1,1,0.997017723
21,2010,2,1,0.002556237
21,2010,5,1,0
21,2010,9,30,0.00042604
21,2011,1,1,0.988035052
21,2011,2,1,0.006740816
21,2011,5,1,0
21,2011,9,30,0.005224132
21,2012,1,1,0.99051837
21,2012,2,1,0.00654981
21,2012,5,1,0
21,2012,9,30,0.00293182
21,2013,1,1,0.984686537
21,2013,2,1,0.008838643
21,2013,5,1,0
21,2013,9,30,0.00647482
21,2014,1,1,0.983407262
21,2014,2,1,0.011335633
21,2014,5,1,0
21,2014,9,30,0.005257105
21,2015,1,1,0.985253628
21,2015,2,1,0.006813197
21,2015,5,1,0
21,2015,9,30,0.007933175
21,2016,1,1,0.990668661
21,2016,2,1,0.000773315
21,2016,5,1,0
21,2016,9,30,0.008558024
21,2017,1,1,0.988659173
21,2017,2,1,0.000702529
21,2017,5,1,0
21,2017,9,30,0.010638298
21,2018,1,1,0.974055241
21,2018,2,1,0.001155669
21,2018,5,1,0
21,2018,9,30,0.02478909
21,2019,1,1,0.973792175
21,2019,2,1,0.000367399
21,2019,5,1,0
21,2019,9,30,0.025840426
21,2020,1,1,0.963949076
21,2020,2,1,0.000306035
21,2020,5,1,0
21,2020,9,30,0.035744889
21,2021,1,1,0.937950841
21,2021,2,1,0.003606733
21,2021,5,1,0
21,2021,9,30,0.058442426
21,2022,1,1,0.920711583
21,2022,2,1,0.001046446
21,2022,5,1,0
21,2022,9,30,0.078241971
21,2023,1,1,0.928563558
21,2023,2,1,0.00017266
21,2023,5,1,0.012709487
21,2023,9,30,0.058554295
31,1992,1,1,0.961864431
31,1992,2,1,0.038135569
31,1992,5,1,0
31,1992,9,30,0
31,1993,1,1,0.957507927
31,1993,2,1,0.042490676
31,1993,5,1,0
31,1993,9,30,1.39682E-06
31,1994,1,1,0.966241385
31,1994,2,1,0.033757641
31,1994,5,1,0
31,1994,9,30,9.74598E-07
31,1995,1,1,0.960876653
31,1995,2,1,0.039122516
31,1995,5,1,0
31,1995,9,30,8.30715E-07
31,1996,1,1,0.957531445
31,1996,2,1,0.042468154
31,1996,5,1,0
31,1996,9,30,4.00919E-07
31,1997,1,1,0.955502314
31,1997,2,1,0.04449052
31,1997,5,1,0
31,1997,9,30,7.16554E-06
31,1998,1,1,0.972096949
31,1998,2,1,0.012801541
31,1998,5,1,0.015085884
31,1998,9,30,1.56266E-05
31,1999,1,1,0.909893689
31,1999,2,1,0.03924485
31,1999,5,1,0.05084006
31,1999,9,30,2.1401E-05
31,2000,1,1,0.905577401
31,2000,2,1,0.029729763
31,2000,5,1,0.06467167
31,2000,9,30,2.11655E-05
31,2001,1,1,0.921524831
31,2001,2,1,0.04103348
31,2001,5,1,0.037434091
31,2001,9,30,7.59729E-06
31,2002,1,1,0.872358512
31,2002,2,1,0.034695386
31,2002,5,1,0.092918281
31,2002,9,30,2.78207E-05
31,2003,1,1,0.857356116
31,2003,2,1,0.038647071
31,2003,5,1,0.103996813
31,2003,9,30,0
31,2004,1,1,0.891891765
31,2004,2,1,0.040594263
31,2004,5,1,0.067513971
31,2004,9,30,0
31,2005,1,1,0.910508887
31,2005,2,1,0.035948879
31,2005,5,1,0.053542234
31,2005,9,30,0
31,2006,1,1,0.911308224
31,2006,2,1,0.044021896
31,2006,5,1,0.04466988
31,2006,9,30,0
31,2007,1,1,0.856261565
31,2007,2,1,0.027898595
31,2007,5,1,0.115839841
31,2007,9,30,0
31,2008,1,1,0.886742277
31,2008,2,1,0.030039425
31,2008,5,1,0.083218299
31,2008,9,30,0
31,2009,1,1,0.840999081
31,2009,2,1,0.017175142
31,2009,5,1,0.141825777
31,2009,9,30,0
31,2010,1,1,0.794060535
31,2010,2,1,0.013275023
31,2010,5,1,0.192664442
31,2010,9,30,0
31,2011,1,1,0.757255104
31,2011,2,1,0.023411468
31,2011,5,1,0.219331647
31,2011,9,30,1.78141E-06
31,2012,1,1,0.685829089
31,2012,2,1,0.026443885
31,2012,5,1,0.287635498
31,2012,9,30,9.15276E-05
31,2013,1,1,0.693993337
31,2013,2,1,0.020087556
31,2013,5,1,0.285801558
31,2013,9,30,0.00011755
31,2014,1,1,0.743254905
31,2014,2,1,0.022886585
31,2014,5,1,0.233744885
31,2014,9,30,0.000113625
31,2015,1,1,0.803347409
31,2015,2,1,0.032008832
31,2015,5,1,0.164563895
31,2015,9,30,7.98639E-05
31,2016,1,1,0.862080072
31,2016,2,1,0.03000433
31,2016,5,1,0.105902213
31,2016,9,30,0.002013385
31,2017,1,1,0.858053014
31,2017,2,1,0.024937607
31,2017,5,1,0.115329705
31,2017,9,30,0.001679674
31,2018,1,1,0.89480739
31,2018,2,1,0.024782828
31,2018,5,1,0.078298245
31,2018,9,30,0.002111537
31,2019,1,1,0.916651653
31,2019,2,1,0.020846407
31,2019,5,1,0.059828733
31,2019,9,30,0.002673207
31,2020,1,1,0.920981136
31,2020,2,1,0.022395312
31,2020,5,1,0.055623552
31,2020,9,30,0.001
31,2021,1,1,0.919749869
31,2021,2,1,0.024717222
31,2021,5,1,0.051532909
31,2021,9,30,0.004
31,2022,1,1,0.892397852
31,2022,2,1,0.024364712
31,2022,5,1,0.049237436
31,2022,9,30,0.034
31,2023,1,1,0.873004989
31,2023,2,1,0.024257713
31,2023,5,1,0.048142427
31,2023,9,30,0.054594871
32,1992,1,1,0.922207661
32,1992,2,1,0.077792339
32,1992,5,1,0
32,1992,9,30,0
32,1993,1,1,0.905540623
32,1993,2,1,0.094410328
32,1993,5,1,0
32,1993,9,30,4.90494E-05
32,1994,1,1,0.921191039
32,1994,2,1,0.078808961
32,1994,5,1,0
32,1994,9,30,0
32,1995,1,1,0.908308931
32,1995,2,1,0.09168535
32,1995,5,1,0
32,1995,9,30,5.71925E-06
32,1996,1,1,0.907042663
32,1996,2,1,0.092957337
32,1996,5,1,0
32,1996,9,30,0
32,1997,1,1,0.898723967
32,1997,2,1,0.101239736
32,1997,5,1,0
32,1997,9,30,3.62968E-05
32,1998,1,1,0.941074421
32,1998,2,1,0.04493277
32,1998,5,1,0.013607289
32,1998,9,30,0.00038552
32,1999,1,1,0.863111464
32,1999,2,1,0.098577446
32,1999,5,1,0.038112528
32,1999,9,30,0.000198562
32,2000,1,1,0.87266307
32,2000,2,1,0.077295002
32,2000,5,1,0.049879548
32,2000,9,30,0.000162379
32,2001,1,1,0.881762965
32,2001,2,1,0.088168602
32,2001,5,1,0.029848922
32,2001,9,30,0.000219511
32,2002,1,1,0.842904932
32,2002,2,1,0.084830488
32,2002,5,1,0.072109629
32,2002,9,30,0.000154951
32,2003,1,1,0.840072182
32,2003,2,1,0.084133253
32,2003,5,1,0.075794566
32,2003,9,30,0
32,2004,1,1,0.859683381
32,2004,2,1,0.092673722
32,2004,5,1,0.047642897
32,2004,9,30,0
32,2005,1,1,0.869837754
32,2005,2,1,0.085194857
32,2005,5,1,0.04496739
32,2005,9,30,0
32,2006,1,1,0.851792053
32,2006,2,1,0.099776517
32,2006,5,1,0.048431429
32,2006,9,30,0
32,2007,1,1,0.815653208
32,2007,2,1,0.067915419
32,2007,5,1,0.116431373
32,2007,9,30,0
32,2008,1,1,0.813207224
32,2008,2,1,0.080168402
32,2008,5,1,0.106624374
32,2008,9,30,0
32,2009,1,1,0.765582646
32,2009,2,1,0.046537671
32,2009,5,1,0.187879682
32,2009,9,30,0
32,2010,1,1,0.638225663
32,2010,2,1,0.034762083
32,2010,5,1,0.327012254
32,2010,9,30,0
32,2011,1,1,0.622957635
32,2011,2,1,0.060115514
32,2011,5,1,0.316807076
32,2011,9,30,0.000119775
32,2012,1,1,0.626457035
32,2012,2,1,0.056181986
32,2012,5,1,0.317226401
32,2012,9,30,0.000134578
32,2013,1,1,0.594296129
32,2013,2,1,0.031168284
32,2013,5,1,0.374496988
32,2013,9,30,3.85989E-05
32,2014,1,1,0.563168744
32,2014,2,1,0.051572645
32,2014,5,1,0.385095392
32,2014,9,30,0.000163219
32,2015,1,1,0.709105695
32,2015,2,1,0.073338394
32,2015,5,1,0.217523972
32,2015,9,30,3.19386E-05
32,2016,1,1,0.750414975
32,2016,2,1,0.064904376
32,2016,5,1,0.182743916
32,2016,9,30,0.001936733
32,2017,1,1,0.746081684
32,2017,2,1,0.056693523
32,2017,5,1,0.195179352
32,2017,9,30,0.002045442
32,2018,1,1,0.796214344
32,2018,2,1,0.054535909
32,2018,5,1,0.146676054
32,2018,9,30,0.002573692
32,2019,1,1,0.768356618
32,2019,2,1,0.051183276
32,2019,5,1,0.178933837
32,2019,9,30,0.001526269
32,2020,1,1,0.776392987
32,2020,2,1,0.055300154
32,2020,5,1,0.167306859
32,2020,9,30,0.001
32,2021,1,1,0.778959304
32,2021,2,1,0.061317304
32,2021,5,1,0.155723392
32,2021,9,30,0.004
32,2022,1,1,0.756558675
32,2022,2,1,0.060503952
32,2022,5,1,0.148937372
32,2022,9,30,0.034
32,2023,1,1,0.739667125
32,2023,2,1,0.06020157
32,2023,5,1,0.145536434
32,2023,9,30,0.054594871
41,1992,1,1,0.132200886
41,1992,2,1,0.858197932
41,1992,3,1,0.009601182
41,1992,9,30,0
41,1992,9,40,0
41,1993,1,1,0.012467532
41,1993,2,1,0.922597403
41,1993,3,1,0.064935065
41,1993,9,30,0
41,1993,9,40,0
41,1994,1,1,0.013284471
41,1994,2,1,0.950984883
41,1994,3,1,0.035730646
41,1994,9,30,0
41,1994,9,40,0
41,1995,1,1,0.031597222
41,1995,2,1,0.881597222
41,1995,3,1,0.086805556
41,1995,9,30,0
41,1995,9,40,0
41,1996,1,1,0.010136316
41,1996,2,1,0.927298148
41,1996,3,1,0.062565537
41,1996,9,30,0
41,1996,9,40,0
41,1997,1,1,0.001076137
41,1997,2,1,0.895614743
41,1997,3,1,0.10330912
41,1997,9,30,0
41,1997,9,40,0
41,1998,1,1,0.001218918
41,1998,2,1,0.897367138
41,1998,3,1,0.101413944
41,1998,9,30,0
41,1998,9,40,0
41,1999,1,1,0.001580403
41,1999,2,1,0.907941525
41,1999,3,1,0.090478072
41,1999,9,30,0
41,1999,9,40,0
41,2000,1,1,0.067589962
41,2000,2,1,0.845525568
41,2000,3,1,0.08688447
41,2000,9,30,0
41,2000,9,40,0
41,2001,1,1,0.096998332
41,2001,2,1,0.80975542
41,2001,3,1,0.091439689
41,2001,9,30,0.001806559
41,2001,9,40,0
41,2002,1,1,0.117329951
41,2002,2,1,0.757729507
41,2002,3,1,0.112256223
41,2002,9,30,0.012684319
41,2002,9,40,0
41,2003,1,1,0.142470287
41,2003,2,1,0.791785768
41,2003,3,1,0.065593501
41,2003,9,30,0.000150444
41,2003,9,40,0
41,2004,1,1,0.162895928
41,2004,2,1,0.801888648
41,2004,3,1,0.034821956
41,2004,9,30,0.000393468
41,2004,9,40,0
41,2005,1,1,0.161787666
41,2005,2,1,0.776346604
41,2005,3,1,0.06186573
41,2005,9,30,0
41,2005,9,40,0
41,2006,1,1,0.173180351
41,2006,2,1,0.803633321
41,2006,3,1,0.023186327
41,2006,9,30,0
41,2006,9,40,0
41,2007,1,1,0.1274758
41,2007,2,1,0.83633656
41,2007,3,1,0.03618764
41,2007,9,30,0
41,2007,9,40,0
41,2008,1,1,0.150505837
41,2008,2,1,0.751284047
41,2008,3,1,0.098210117
41,2008,9,30,0
41,2008,9,40,0
41,2009,1,1,0.1170347
41,2009,2,1,0.807097792
41,2009,3,1,0.075867508
41,2009,9,30,0
41,2009,9,40,0
41,2010,1,1,0.175568482
41,2010,2,1,0.795522651
41,2010,3,1,0.028908867
41,2010,9,30,0
41,2010,9,40,0
41,2011,1,1,0.229696159
41,2011,2,1,0.67036117
41,2011,3,1,0.099942672
41,2011,9,30,0
41,2011,9,40,0
41,2012,1,1,0.233270256
41,2012,2,1,0.692413556
41,2012,3,1,0.074316188
41,2012,9,30,0
41,2012,9,40,0
41,2013,1,1,0.21471173
41,2013,2,1,0.683743692
41,2013,3,1,0.101544579
41,2013,9,30,0
41,2013,9,40,0
41,2014,1,1,0.228632154
41,2014,2,1,0.691058145
41,2014,3,1,0.068771823
41,2014,9,30,0.011537878
41,2014,9,40,0
41,2015,1,1,0.222764019
41,2015,2,1,0.657641473
41,2015,3,1,0.101501347
41,2015,9,30,0.018093161
41,2015,9,40,0
41,2016,1,1,0.255404951
41,2016,2,1,0.642545088
41,2016,3,1,0.09465666
41,2016,9,30,0.007393301
41,2016,9,40,0
41,2017,1,1,0.353492233
41,2017,2,1,0.503616744
41,2017,3,1,0.124273687
41,2017,9,30,0.018498755
41,2017,9,40,0.000118582
41,2018,1,1,0.192054795
41,2018,2,1,0.595753425
41,2018,3,1,0.169452055
41,2018,9,30,0.04
41,2018,9,40,0.002739726
41,2019,1,1,0.24699329
41,2019,2,1,0.616153944
41,2019,3,1,0.124066338
41,2019,9,30,0.012786429
41,2019,9,40,0
41,2020,1,1,0.267240618
41,2020,2,1,0.60579822
41,2020,3,1,0.113348343
41,2020,9,30,0.013612819
41,2020,9,40,0
41,2021,1,1,0.277460004
41,2021,2,1,0.604652044
41,2021,3,1,0.104031222
41,2021,9,30,0.013856729
41,2021,9,40,0
41,2022,1,1,0.2824302
41,2022,2,1,0.606219947
41,2022,3,1,0.097478948
41,2022,9,30,0.013870905
41,2022,9,40,0
41,2023,1,1,0.288868375
41,2023,2,1,0.608242348
41,2023,3,1,0.09056823
41,2023,9,30,0.012321047
41,2023,9,40,0
42,1992,1,1,0.132200886
42,1992,2,1,0.858197932
42,1992,3,1,0.009601182
42,1992,9,30,0
42,1992,9,40,0
42,1993,1,1,0.012467532
42,1993,2,1,0.922597403
42,1993,3,1,0.064935065
42,1993,9,30,0
42,1993,9,40,0
42,1994,1,1,0.013284471
42,1994,2,1,0.950984883
42,1994,3,1,0.035730646
42,1994,9,30,0
42,1994,9,40,0
42,1995,1,1,0.031597222
42,1995,2,1,0.881597222
42,1995,3,1,0.086805556
42,1995,9,30,0
42,1995,9,40,0
42,1996,1,1,0.010136316
42,1996,2,1,0.927298148
42,1996,3,1,0.062565537
42,1996,9,30,0
42,1996,9,40,0
42,1997,1,1,0.001076137
42,1997,2,1,0.895614743
42,1997,3,1,0.10330912
42,1997,9,30,0
42,1997,9,40,0
42,1998,1,1,0.001218918
42,1998,2,1,0.897367138
42,1998,3,1,0.101413944
42,1998,9,30,0
42,1998,9,40,0
42,1999,1,1,0.001580403
42,1999,2,1,0.907941525
42,1999,3,1,0.090478072
42,1999,9,30,0
42,1999,9,40,0
42,2000,1,1,0.067589962
42,2000,2,1,0.845525568
42,2000,3,1,0.08688447
42,2000,9,30,0
42,2000,9,40,0
42,2001,1,1,0.096998332
42,2001,2,1,0.80975542
42,2001,3,1,0.091439689
42,2001,9,30,0.001806559
42,2001,9,40,0
42,2002,1,1,0.117329951
42,2002,2,1,0.757729507
42,2002,3,1,0.112256223
42,2002,9,30,0.012684319
42,2002,9,40,0
42,2003,1,1,0.142470287
42,2003,2,1,0.791785768
42,2003,3,1,0.065593501
42,2003,9,30,0.000150444
42,2003,9,40,0
42,2004,1,1,0.162895928
42,2004,2,1,0.801888648
42,2004,3,1,0.034821956
42,2004,9,30,0.000393468
42,2004,9,40,0
42,2005,1,1,0.161787666
42,2005,2,1,0.776346604
42,2005,3,1,0.06186573
42,2005,9,30,0
42,2005,9,40,0
42,2006,1,1,0.173180351
42,2006,2,1,0.803633321
42,2006,3,1,0.023186327
42,2006,9,30,0
42,2006,9,40,0
42,2007,1,1,0.1274758
42,2007,2,1,0.83633656
42,2007,3,1,0.03618764
42,2007,9,30,0
42,2007,9,40,0
42,2008,1,1,0.150505837
42,2008,2,1,0.751284047
42,2008,3,1,0.098210117
42,2008,9,30,0
42,2008,9,40,0
42,2009,1,1,0.1170347
42,2009,2,1,0.807097792
42,2009,3,1,0.075867508
42,2009,9,30,0
42,2009,9,40,0
42,2010,1,1,0.175568482
42,2010,2,1,0.795522651
42,2010,3,1,0.028908867
42,2010,9,30,0
42,2010,9,40,0
42,2011,1,1,0.229696159
42,2011,2,1,0.67036117
42,2011,3,1,0.099942672
42,2011,9,30,0
42,2011,9,40,0
42,2012,1,1,0.233270256
42,2012,2,1,0.692413556
42,2012,3,1,0.074316188
42,2012,9,30,0
42,2012,9,40,0
42,2013,1,1,0.21471173
42,2013,2,1,0.683743692
42,2013,3,1,0.101544579
42,2013,9,30,0
42,2013,9,40,0
42,2014,1,1,0.228632154
42,2014,2,1,0.691058145
42,2014,3,1,0.068771823
42,2014,9,30,0.011537878
42,2014,9,40,0
42,2015,1,1,0.222764019
42,2015,2,1,0.657641473
42,2015,3,1,0.101501347
42,2015,9,30,0.018093161
42,2015,9,40,0
42,2016,1,1,0.255404951
42,2016,2,1,0.642545088
42,2016,3,1,0.09465666
42,2016,9,30,0.007393301
42,2016,9,40,0
42,2017,1,1,0.353492233
42,2017,2,1,0.503616744
42,2017,3,1,0.124273687
42,2017,9,30,0.018498755
42,2017,9,40,0.000118582
42,2018,1,1,0.192054795
42,2018,2,1,0.595753425
42,2018,3,1,0.169452055
42,2018,9,30,0.04
42,2018,9,40,0.002739726
42,2019,1,1,0.24699329
42,2019,2,1,0.616153944
42,2019,3,1,0.124066338
42,2019,9,30,0.012786429
42,2019,9,40,0
42,2020,1,1,0.267240618
42,2020,2,1,0.60579822
42,2020,3,1,0.113348343
42,2020,9,30,0.013612819
42,2020,9,40,0
42,2021,1,1,0.277460004
42,2021,2,1,0.604652044
42,2021,3,1,0.104031222
42,2021,9,30,0.013856729
42,2021,9,40,0
42,2022,1,1,0.2824302
42,2022,2,1,0.606219947
42,2022,3,1,0.097478948
42,2022,9,30,0.013870905
42,2022,9,40,0
42,2023,1,1,0.288868375
42,2023,2,1,0.608242348
42,2023,3,1,0.09056823
42,2023,9,30,0.012321047
42,2023,9,40,0
43,1992,1,1,0.010041
43,1992,2,1,0.989959
43,1992,3,1,0
43,1992,9,30,0
43,1992,9,40,0
43,1993,1,1,0.120539
43,1993,2,1,0.879461
43,1993,3,1,0
43,1993,9,30,0
43,1993,9,40,0
43,1994,1,1,0.147479
43,1994,2,1,0.852521
43,1994,3,1,0
43,1994,9,30,0
43,1994,9,40,0
43,1995,1,1,0.114279
43,1995,2,1,0.885721
43,1995,3,1,0
43,1995,9,30,0
43,1995,9,40,0
43,1996,1,1,0.041539
43,1996,2,1,0.958461
43,1996,3,1,0
43,1996,9,30,0
43,1996,9,40,0
43,1997,1,1,0.01
43,1997,2,1,0.99
43,1997,3,1,0
43,1997,9,30,0
43,1997,9,40,0
43,1998,1,1,0.01
43,1998,2,1,0.99
43,1998,3,1,0
43,1998,9,30,0
43,1998,9,40,0
43,1999,1,1,0.01
43,1999,2,1,0.99
43,1999,3,1,0
43,1999,9,30,0
43,1999,9,40,0
43,2000,1,1,0.025511929
43,2000,2,1,0.967724967
43,2000,3,1,0.006763104
43,2000,9,30,0
43,2000,9,40,0
43,2001,1,1,0.01161527
43,2001,2,1,0.984241272
43,2001,3,1,0.004143459
43,2001,9,30,0
43,2001,9,40,0
43,2002,1,1,0.02577199
43,2002,2,1,0.966820025
43,2002,3,1,0.007407985
43,2002,9,30,0
43,2002,9,40,0
43,2003,1,1,0.005465511
43,2003,2,1,0.981341877
43,2003,3,1,0.013192612
43,2003,9,30,0
43,2003,9,40,0
43,2004,1,1,0.003761823
43,2004,2,1,0.993300373
43,2004,3,1,0.002937805
43,2004,9,30,0
43,2004,9,40,0
43,2005,1,1,0.006584598
43,2005,2,1,0.990797922
43,2005,3,1,0.00261748
43,2005,9,30,0
43,2005,9,40,0
43,2006,1,1,0.010086508
43,2006,2,1,0.987336646
43,2006,3,1,0.002576845
43,2006,9,30,0
43,2006,9,40,0
43,2007,1,1,0.007771182
43,2007,2,1,0.990861666
43,2007,3,1,0.001367152
43,2007,9,30,0
43,2007,9,40,0
43,2008,1,1,0.012930483
43,2008,2,1,0.98322878
43,2008,3,1,0.003840737
43,2008,9,30,0
43,2008,9,40,0
43,2009,1,1,0.027360372
43,2009,2,1,0.967952128
43,2009,3,1,0.0046875
43,2009,9,30,0
43,2009,9,40,0
43,2010,1,1,0.049073955
43,2010,2,1,0.948089897
43,2010,3,1,0.002836148
43,2010,9,30,0
43,2010,9,40,0
43,2011,1,1,0.045933054
43,2011,2,1,0.936384571
43,2011,3,1,0.017682375
43,2011,9,30,0
43,2011,9,40,0
43,2012,1,1,0.063151847
43,2012,2,1,0.9238554
43,2012,3,1,0.012992752
43,2012,9,30,0
43,2012,9,40,0
43,2013,1,1,0.054880603
43,2013,2,1,0.933202998
43,2013,3,1,0.011916399
43,2013,9,30,0
43,2013,9,40,0
43,2014,1,1,0.032739178
43,2014,2,1,0.956893416
43,2014,3,1,0.010367406
43,2014,9,30,0
43,2014,9,40,0
43,2015,1,1,0.030774214
43,2015,2,1,0.958535795
43,2015,3,1,0.01068999
43,2015,9,30,0
43,2015,9,40,0
43,2016,1,1,0.060079596
43,2016,2,1,0.93230522
43,2016,3,1,0.007423848
43,2016,9,30,0.000191336
43,2016,9,40,0
43,2017,1,1,0.079297214
43,2017,2,1,0.909579798
43,2017,3,1,0.010755561
43,2017,9,30,0.000367426
43,2017,9,40,0
43,2018,1,1,0.087668268
43,2018,2,1,0.901271731
43,2018,3,1,0.009673273
43,2018,9,30,0.001386728
43,2018,9,40,0
43,2019,1,1,0.143705904
43,2019,2,1,0.84285859
43,2019,3,1,0.009924721
43,2019,9,30,0.003510786
43,2019,9,40,0
43,2020,1,1,0.147969167
43,2020,2,1,0.838729783
43,2020,3,1,0.009584235
43,2020,9,30,0.003716815
43,2020,9,40,0
43,2021,1,1,0.148780222
43,2021,2,1,0.83829531
43,2021,3,1,0.009161873
43,2021,9,30,0.003762595
43,2021,9,40,0
43,2022,1,1,0.148985711
43,2022,2,1,0.838786794
43,2022,3,1,0.008711444
43,2022,9,30,0.003516052
43,2022,9,40,0
43,2023,1,1,0.149065478
43,2023,2,1,0.840086974
43,2023,3,1,0.007758096
43,2023,9,30,0.003089452
43,2023,9,40,0
51,1992,1,1,0.210282541
51,1992,2,1,0.789717459
51,1992,3,1,0
51,1992,9,30,0
51,1992,9,40,0
51,1993,1,1,0.031476859
51,1993,2,1,0.968523141
51,1993,3,1,0
51,1993,9,30,0
51,1993,9,40,0
51,1994,1,1,0.105040176
51,1994,2,1,0.894959824
51,1994,3,1,0
51,1994,9,30,0
51,1994,9,40,0
51,1995,1,1,0.023537291
51,1995,2,1,0.976462709
51,1995,3,1,0
51,1995,9,30,0
51,1995,9,40,0
51,1996,1,1,0.025289227
51,1996,2,1,0.974710773
51,1996,3,1,0
51,1996,9,30,0
51,1996,9,40,0
51,1997,1,1,0.019321657
51,1997,2,1,0.980678343
51,1997,3,1,0
51,1997,9,30,0
51,1997,9,40,0
51,1998,1,1,0.403567192
51,1998,2,1,0.596432808
51,1998,3,1,0
51,1998,9,30,0
51,1998,9,40,0
51,1999,1,1,0.168802528
51,1999,2,1,0.831197472
51,1999,3,1,0
51,1999,9,30,0
51,1999,9,40,0
51,2000,1,1,0
51,2000,2,1,1
51,2000,3,1,0
51,2000,9,30,0
51,2000,9,40,0
51,2001,1,1,0
51,2001,2,1,1
51,2001,3,1,0
51,2001,9,30,0
51,2001,9,40,0
51,2002,1,1,0
51,2002,2,1,0.997233202
51,2002,3,1,0.002766798
51,2002,9,30,0
51,2002,9,40,0
51,2003,1,1,0.000359971
51,2003,2,1,0.992440605
51,2003,3,1,0.007199424
51,2003,9,30,0
51,2003,9,40,0
51,2004,1,1,0
51,2004,2,1,0.997617156
51,2004,3,1,0.002382844
51,2004,9,30,0
51,2004,9,40,0
51,2005,1,1,0.000674309
51,2005,2,1,0.999325691
51,2005,3,1,0
51,2005,9,30,0
51,2005,9,40,0
51,2006,1,1,0.000861079
51,2006,2,1,0.999138921
51,2006,3,1,0
51,2006,9,30,0
51,2006,9,40,0
51,2007,1,1,0.003509593
51,2007,2,1,0.996490407
51,2007,3,1,0
51,2007,9,30,0
51,2007,9,40,0
51,2008,1,1,0.002040816
51,2008,2,1,0.997959184
51,2008,3,1,0
51,2008,9,30,0
51,2008,9,40,0
51,2009,1,1,0.004602992
51,2009,2,1,0.995397008
51,2009,3,1,0
51,2009,9,30,0
51,2009,9,40,0
51,2010,1,1,0
51,2010,2,1,0.995785037
51,2010,3,1,0.004214963
51,2010,9,30,0
51,2010,9,40,0
51,2011,1,1,0
51,2011,2,1,0.988299532
51,2011,3,1,0.011700468
51,2011,9,30,0
51,2011,9,40,0
51,2012,1,1,0
51,2012,2,1,0.957126304
51,2012,3,1,0.042873696
51,2012,9,30,0
51,2012,9,40,0
51,2013,1,1,0.005841121
51,2013,2,1,0.880257009
51,2013,3,1,0.113901869
51,2013,9,30,0
51,2013,9,40,0
51,2014,1,1,0
51,2014,2,1,0.730828616
51,2014,3,1,0.269171384
51,2014,9,30,0
51,2014,9,40,0
51,2015,1,1,0
51,2015,2,1,0.888746256
51,2015,3,1,0.111253744
51,2015,9,30,0
51,2015,9,40,0
51,2016,1,1,0.001349983
51,2016,2,1,0.84643942
51,2016,3,1,0.152210597
51,2016,9,30,0
51,2016,9,40,0
51,2017,1,1,0.000743218
51,2017,2,1,0.901151988
51,2017,3,1,0.096989967
51,2017,9,30,0.001114827
51,2017,9,40,0
51,2018,1,1,0.000677048
51,2018,2,1,0.86831415
51,2018,3,1,0.130670278
51,2018,9,30,0.000338524
51,2018,9,40,0
51,2019,1,1,0.000605327
51,2019,2,1,0.852300242
51,2019,3,1,0.145883777
51,2019,9,30,0.001210654
51,2019,9,40,0
51,2020,1,1,0.000623378
51,2020,2,1,0.861962753
51,2020,3,1,0.13609182
51,2020,9,30,0.001322049
51,2020,9,40,0
51,2021,1,1,0.00064006
51,2021,2,1,0.87217516
51,2021,3,1,0.125825209
51,2021,9,30,0.001359571
51,2021,9,40,0
51,2022,1,1,0.00065913
51,2022,2,1,0.879898377
51,2022,3,1,0.118077403
51,2022,9,30,0.001365089
51,2022,9,40,0
51,2023,1,1,0.000672044
51,2023,2,1,0.888517761
51,2023,3,1,0.109593169
51,2023,9,30,0.001217026
51,2023,9,40,0
52,1992,1,1,0.4304056
52,1992,2,1,0.5695944
52,1992,3,1,0
52,1992,9,30,0
52,1992,9,40,0
52,1993,1,1,0.363993943
52,1993,2,1,0.636006057
52,1993,3,1,0
52,1993,9,30,0
52,1993,9,40,0
52,1994,1,1,0.344886493
52,1994,2,1,0.655113507
52,1994,3,1,0
52,1994,9,30,0
52,1994,9,40,0
52,1995,1,1,0.379690322
52,1995,2,1,0.620309678
52,1995,3,1,0
52,1995,9,30,0
52,1995,9,40,0
52,1996,1,1,0.351631422
52,1996,2,1,0.648368578
52,1996,3,1,0
52,1996,9,30,0
52,1996,9,40,0
52,1997,1,1,0.372882353
52,1997,2,1,0.627117647
52,1997,3,1,0
52,1997,9,30,0
52,1997,9,40,0
52,1998,1,1,0.369352797
52,1998,2,1,0.630647203
52,1998,3,1,0
52,1998,9,30,0
52,1998,9,40,0
52,1999,1,1,0.398748675
52,1999,2,1,0.601251325
52,1999,3,1,0
52,1999,9,30,0
52,1999,9,40,0
52,2000,1,1,0.230822111
52,2000,2,1,0.768807942
52,2000,3,1,0.000369947
52,2000,9,30,0
52,2000,9,40,0
52,2001,1,1,0.231491628
52,2001,2,1,0.767711708
52,2001,3,1,0.000796664
52,2001,9,30,0
52,2001,9,40,0
52,2002,1,1,0.237679218
52,2002,2,1,0.760251536
52,2002,3,1,0.002069246
52,2002,9,30,0
52,2002,9,40,0
52,2003,1,1,0.224491905
52,2003,2,1,0.774034486
52,2003,3,1,0.001473608
52,2003,9,30,0
52,2003,9,40,0
52,2004,1,1,0.227701689
52,2004,2,1,0.770862868
52,2004,3,1,0.001435444
52,2004,9,30,0
52,2004,9,40,0
52,2005,1,1,0.198376354
52,2005,2,1,0.801094196
52,2005,3,1,0.00052945
52,2005,9,30,0
52,2005,9,40,0
52,2006,1,1,0.204688101
52,2006,2,1,0.79497573
52,2006,3,1,0.000336169
52,2006,9,30,0
52,2006,9,40,0
52,2007,1,1,0.166380466
52,2007,2,1,0.832691848
52,2007,3,1,0.000927687
52,2007,9,30,0
52,2007,9,40,0
52,2008,1,1,0.228957349
52,2008,2,1,0.769838341
52,2008,3,1,0.00120431
52,2008,9,30,0
52,2008,9,40,0
52,2009,1,1,0.258189168
52,2009,2,1,0.735475223
52,2009,3,1,0.006335609
52,2009,9,30,0
52,2009,9,40,0
52,2010,1,1,0.270800736
52,2010,2,1,0.72259357
52,2010,3,1,0.006271809
52,2010,9,30,0.000333885
52,2010,9,40,0
52,2011,1,1,0.267395985
52,2011,2,1,0.728527446
52,2011,3,1,0.003978101
52,2011,9,30,9.84678E-05
52,2011,9,40,0
52,2012,1,1,0.256798845
52,2012,2,1,0.737369821
52,2012,3,1,0.005831334
52,2012,9,30,0
52,2012,9,40,0
52,2013,1,1,0.276505547
52,2013,2,1,0.7160964
52,2013,3,1,0.007398053
52,2013,9,30,0
52,2013,9,40,0
52,2014,1,1,0.290831906
52,2014,2,1,0.698772831
52,2014,3,1,0.010327483
52,2014,9,30,6.77797E-05
52,2014,9,40,0
52,2015,1,1,0.295206081
52,2015,2,1,0.698320604
52,2015,3,1,0.006427486
52,2015,9,30,4.58288E-05
52,2015,9,40,0
52,2016,1,1,0.305563007
52,2016,2,1,0.68728149
52,2016,3,1,0.007066087
52,2016,9,30,8.94158E-05
52,2016,9,40,0
52,2017,1,1,0.320713378
52,2017,2,1,0.674937339
52,2017,3,1,0.004012045
52,2017,9,30,0.000326359
52,2017,9,40,1.08786E-05
52,2018,1,1,0.265560704
52,2018,2,1,0.726727528
52,2018,3,1,0.007366314
52,2018,9,30,0.000345455
52,2018,9,40,0
52,2019,1,1,0.292987038
52,2019,2,1,0.700286623
52,2019,3,1,0.006434825
52,2019,9,30,0.000291514
52,2019,9,40,0
52,2020,1,1,0.299867817
52,2020,2,1,0.694189551
52,2020,3,1,0.00564669
52,2020,9,30,0.000295942
52,2020,9,40,0
52,2021,1,1,0.304787721
52,2021,2,1,0.689801859
52,2021,3,1,0.005114863
52,2021,9,30,0.000295557
52,2021,9,40,0
52,2022,1,1,0.310575061
52,2022,2,1,0.684318987
52,2022,3,1,0.00481004
52,2022,9,30,0.000295912
52,2022,9,40,0
52,2023,1,1,0.309513266
52,2023,2,1,0.685861301
52,2023,3,1,0.004369143
52,2023,9,30,0.00025629
52,2023,9,40,0
53,1992,1,1,0.149082336
53,1992,2,1,0.850917664
53,1992,3,1,0
53,1992,9,30,0
53,1992,9,40,0
53,1993,1,1,0.338368529
53,1993,2,1,0.661631471
53,1993,3,1,0
53,1993,9,30,0
53,1993,9,40,0
53,1994,1,1,0.197711155
53,1994,2,1,0.802288845
53,1994,3,1,0
53,1994,9,30,0
53,1994,9,40,0
53,1995,1,1,0.504203707
53,1995,2,1,0.495796293
53,1995,3,1,0
53,1995,9,30,0
53,1995,9,40,0
53,1996,1,1,0.213839477
53,1996,2,1,0.786160523
53,1996,3,1,0
53,1996,9,30,0
53,1996,9,40,0
53,1997,1,1,0.441402275
53,1997,2,1,0.558597725
53,1997,3,1,0
53,1997,9,30,0
53,1997,9,40,0
53,1998,1,1,0.359366783
53,1998,2,1,0.640633217
53,1998,3,1,0
53,1998,9,30,0
53,1998,9,40,0
53,1999,1,1,0.528399708
53,1999,2,1,0.471600292
53,1999,3,1,0
53,1999,9,30,0
53,1999,9,40,0
53,2000,1,1,0.230822111
53,2000,2,1,0.768807942
53,2000,3,1,0.000369947
53,2000,9,30,0
53,2000,9,40,0
53,2001,1,1,0.231491628
53,2001,2,1,0.767711708
53,2001,3,1,0.000796664
53,2001,9,30,0
53,2001,9,40,0
53,2002,1,1,0.237679218
53,2002,2,1,0.760251536
53,2002,3,1,0.002069246
53,2002,9,30,0
53,2002,9,40,0
53,2003,1,1,0.224491905
53,2003,2,1,0.774034486
53,2003,3,1,0.001473608
53,2003,9,30,0
53,2003,9,40,0
53,2004,1,1,0.227701689
53,2004,2,1,0.770862868
53,2004,3,1,0.001435444
53,2004,9,30,0
53,2004,9,40,0
53,2005,1,1,0.198376354
53,2005,2,1,0.801094196
53,2005,3,1,0.00052945
53,2005,9,30,0
53,2005,9,40,0
53,2006,1,1,0.204688101
53,2006,2,1,0.79497573
53,2006,3,1,0.000336169
53,2006,9,30,0
53,2006,9,40,0
53,2007,1,1,0.166380466
53,2007,2,1,0.832691848
53,2007,3,1,0.000927687
53,2007,9,30,0
53,2007,9,40,0
53,2008,1,1,0.228957349
53,2008,2,1,0.769838341
53,2008,3,1,0.00120431
53,2008,9,30,0
53,2008,9,40,0
53,2009,1,1,0.258189168
53,2009,2,1,0.735475223
53,2009,3,1,0.006335609
53,2009,9,30,0
53,2009,9,40,0
53,2010,1,1,0.270800736
53,2010,2,1,0.72259357
53,2010,3,1,0.006271809
53,2010,9,30,0.000333885
53,2010,9,40,0
53,2011,1,1,0.267395985
53,2011,2,1,0.728527446
53,2011,3,1,0.003978101
53,2011,9,30,9.84678E-05
53,2011,9,40,0
53,2012,1,1,0.256798845
53,2012,2,1,0.737369821
53,2012,3,1,0.005831334
53,2012,9,30,0
53,2012,9,40,0
53,2013,1,1,0.276505547
53,2013,2,1,0.7160964
53,2013,3,1,0.007398053
53,2013,9,30,0
53,2013,9,40,0
53,2014,1,1,0.290831906
53,2014,2,1,0.698772831
53,2014,3,1,0.010327483
53,2014,9,30,6.77797E-05
53,2014,9,40,0
53,2015,1,1,0.295206081
53,2015,2,1,0.698320604
53,2015,3,1,0.006427486
53,2015,9,30,4.58288E-05
53,2015,9,40,0
53,2016,1,1,0.305563007
53,2016,2,1,0.68728149
53,2016,3,1,0.007066087
53,2016,9,30,8.94158E-05
53,2016,9,40,0
53,2017,1,1,0.320713378
53,2017,2,1,0.674937339
53,2017,3,1,0.004012045
53,2017,9,30,0.000326359
53,2017,9,40,1.08786E-05
53,2018,1,1,0.265560704
53,2018,2,1,0.726727528
53,2018,3,1,0.007366314
53,2018,9,30,0.000345455
53,2018,9,40,0
53,2019,1,1,0.292987038
53,2019,2,1,0.700286623
53,2019,3,1,0.006434825
53,2019,9,30,0.000291514
53,2019,9,40,0
53,2020,1,1,0.299867817
53,2020,2,1,0.694189551
53,2020,3,1,0.00564669
53,2020,9,30,0.000295942
53,2020,9,40,0
53,2021,1,1,0.304787721
53,2021,2,1,0.689801859
53,2021,3,1,0.005114863
53,2021,9,30,0.000295557
53,2021,9,40,0
53,2022,1,1,0.310575061
53,2022,2,1,0.684318987
53,2022,3,1,0.00481004
53,2022,9,30,0.000295912
53,2022,9,40,0
53,2023,1,1,0.309513266
53,2023,2,1,0.685861301
53,2023,3,1,0.004369143
53,2023,9,30,0.00025629
53,2023,9,40,0
54,1992,1,1,0.855072464
54,1992,2,1,0.144927536
54,1992,3,1,0
54,1992,9,30,0
54,1992,9,40,0
54,1993,1,1,0.8
54,1993,2,1,0.2
54,1993,3,1,0
54,1993,9,30,0
54,1993,9,40,0
54,1994,1,1,0.831578947
54,1994,2,1,0.168421053
54,1994,3,1,0
54,1994,9,30,0
54,1994,9,40,0
54,1995,1,1,0.906976744
54,1995,2,1,0.093023256
54,1995,3,1,0
54,1995,9,30,0
54,1995,9,40,0
54,1996,1,1,0.875
54,1996,2,1,0.125
54,1996,3,1,0
54,1996,9,30,0
54,1996,9,40,0
54,1997,1,1,0.852941176
54,1997,2,1,0.147058824
54,1997,3,1,0
54,1997,9,30,0
54,1997,9,40,0
54,1998,1,1,0.817307692
54,1998,2,1,0.182692308
54,1998,3,1,0
54,1998,9,30,0
54,1998,9,40,0
54,1999,1,1,0.801136364
54,1999,2,1,0.198863636
54,1999,3,1,0
54,1999,9,30,0
54,1999,9,40,0
54,2000,1,1,0.736263736
54,2000,2,1,0.263736264
54,2000,3,1,0
54,2000,9,30,0
54,2000,9,40,0
54,2001,1,1,0.722627737
54,2001,2,1,0.277372263
54,2001,3,1,0
54,2001,9,30,0
54,2001,9,40,0
54,2002,1,1,0.693877551
54,2002,2,1,0.306122449
54,2002,3,1,0
54,2002,9,30,0
54,2002,9,40,0
54,2003,1,1,0.726744186
54,2003,2,1,0.273255814
54,2003,3,1,0
54,2003,9,30,0
54,2003,9,40,0
54,2004,1,1,0.729166667
54,2004,2,1,0.270833333
54,2004,3,1,0
54,2004,9,30,0
54,2004,9,40,0
54,2005,1,1,0.666666667
54,2005,2,1,0.333333333
54,2005,3,1,0
54,2005,9,30,0
54,2005,9,40,0
54,2006,1,1,0.685714286
54,2006,2,1,0.314285714
54,2006,3,1,0
54,2006,9,30,0
54,2006,9,40,0
54,2007,1,1,0.612121212
54,2007,2,1,0.387878788
54,2007,3,1,0
54,2007,9,30,0
54,2007,9,40,0
54,2008,1,1,0.56557377
54,2008,2,1,0.43442623
54,2008,3,1,0
54,2008,9,30,0
54,2008,9,40,0
54,2009,1,1,0.525
54,2009,2,1,0.475
54,2009,3,1,0
54,2009,9,30,0
54,2009,9,40,0
54,2010,1,1,0.581395349
54,2010,2,1,0.418604651
54,2010,3,1,0
54,2010,9,30,0
54,2010,9,40,0
54,2011,1,1,0.662162162
54,2011,2,1,0.337837838
54,2011,3,1,0
54,2011,9,30,0
54,2011,9,40,0
54,2012,1,1,0.641791045
54,2012,2,1,0.358208955
54,2012,3,1,0
54,2012,9,30,0
54,2012,9,40,0
54,2013,1,1,0.74
54,2013,2,1,0.26
54,2013,3,1,0
54,2013,9,30,0
54,2013,9,40,0
54,2014,1,1,0.666666667
54,2014,2,1,0.333333333
54,2014,3,1,0
54,2014,9,30,0
54,2014,9,40,0
54,2015,1,1,0.668639053
54,2015,2,1,0.331360947
54,2015,3,1,0
54,2015,9,30,0
54,2015,9,40,0
54,2016,1,1,0.648484848
54,2016,2,1,0.351515152
54,2016,3,1,0
54,2016,9,30,0
54,2016,9,40,0
54,2017,1,1,0.692307692
54,2017,2,1,0.307692308
54,2017,3,1,0
54,2017,9,30,0
54,2017,9,40,0
54,2018,1,1,0.659663866
54,2018,2,1,0.340336134
54,2018,3,1,0
54,2018,9,30,0
54,2018,9,40,0
54,2019,1,1,0.708542714
54,2019,2,1,0.291457286
54,2019,3,1,0
54,2019,9,30,0
54,2019,9,40,0
54,2020,1,1,0.603174603
54,2020,2,1,0.396825397
54,2020,3,1,0
54,2020,9,30,0
54,2020,9,40,0
54,2021,1,1,0.641791045
54,2021,2,1,0.358208955
54,2021,3,1,0
54,2021,9,30,0
54,2021,9,40,0
54,2022,1,1,0.613333333
54,2022,2,1,0.386666667
54,2022,3,1,0
54,2022,9,30,0
54,2022,9,40,0
54,2023,1,1,0.61317931
54,2023,2,1,0.38682069
54,2023,3,1,0
54,2023,9,30,0
54,2023,9,40,0
61,1992,1,1,0.00375897
61,1992,2,1,0.99624103
61,1992,3,1,0
61,1992,9,30,0
61,1992,9,40,0
61,1993,1,1,0.002892
61,1993,2,1,0.997108
61,1993,3,1,0
61,1993,9,30,0
61,1993,9,40,0
61,1994,1,1,0
61,1994,2,1,1
61,1994,3,1,0
61,1994,9,30,0
61,1994,9,40,0
61,1995,1,1,0.001457095
61,1995,2,1,0.998542905
61,1995,3,1,0
61,1995,9,30,0
61,1995,9,40,0
61,1996,1,1,0
61,1996,2,1,1
61,1996,3,1,0
61,1996,9,30,0
61,1996,9,40,0
61,1997,1,1,2.04843E-06
61,1997,2,1,0.999997952
61,1997,3,1,0
61,1997,9,30,0
61,1997,9,40,0
61,1998,1,1,0
61,1998,2,1,1
61,1998,3,1,0
61,1998,9,30,0
61,1998,9,40,0
61,1999,1,1,4.77995E-06
61,1999,2,1,0.99999522
61,1999,3,1,0
61,1999,9,30,0
61,1999,9,40,0
61,2000,1,1,0
61,2000,2,1,1
61,2000,3,1,0
61,2000,9,30,0
61,2000,9,40,0
61,2001,1,1,0.000190386
61,2001,2,1,0.999809614
61,2001,3,1,0
61,2001,9,30,0
61,2001,9,40,0
61,2002,1,1,7.91922E-05
61,2002,2,1,0.999920808
61,2002,3,1,0
61,2002,9,30,0
61,2002,9,40,0
61,2003,1,1,6.12164E-05
61,2003,2,1,0.999938784
61,2003,3,1,0
61,2003,9,30,0
61,2003,9,40,0
61,2004,1,1,0
61,2004,2,1,1
61,2004,3,1,0
61,2004,9,30,0
61,2004,9,40,0
61,2005,1,1,0
61,2005,2,1,1
61,2005,3,1,0
61,2005,9,30,0
61,2005,9,40,0
61,2006,1,1,0
61,2006,2,1,1
61,2006,3,1,0
61,2006,9,30,0
61,2006,9,40,0
61,2007,1,1,0
61,2007,2,1,1
61,2007,3,1,0
61,2007,9,30,0
61,2007,9,40,0
61,2008,1,1,0.000128606
61,2008,2,1,0.999871394
61,2008,3,1,0
61,2008,9,30,0
61,2008,9,40,0
61,2009,1,1,0
61,2009,2,1,0.988203607
61,2009,3,1,0.011796393
61,2009,9,30,0
61,2009,9,40,0
61,2010,1,1,0
61,2010,2,1,0.990546272
61,2010,3,1,0.009453728
61,2010,9,30,0
61,2010,9,40,0
61,2011,1,1,0
61,2011,2,1,0.985861903
61,2011,3,1,0.014138097
61,2011,9,30,0
61,2011,9,40,0
61,2012,1,1,0
61,2012,2,1,0.986340095
61,2012,3,1,0.013659905
61,2012,9,30,0
61,2012,9,40,0
61,2013,1,1,0
61,2013,2,1,0.988341591
61,2013,3,1,0.011658409
61,2013,9,30,0
61,2013,9,40,0
61,2014,1,1,0
61,2014,2,1,0.986951733
61,2014,3,1,0.013048267
61,2014,9,30,0
61,2014,9,40,0
61,2015,1,1,0
61,2015,2,1,0.985032906
61,2015,3,1,0.014967094
61,2015,9,30,0
61,2015,9,40,0
61,2016,1,1,0
61,2016,2,1,0.994039982
61,2016,3,1,0.005960018
61,2016,9,30,0
61,2016,9,40,0
61,2017,1,1,0
61,2017,2,1,0.996525468
61,2017,3,1,0.003474532
61,2017,9,30,0
61,2017,9,40,0
61,2018,1,1,0
61,2018,2,1,0.994244564
61,2018,3,1,0.005746168
61,2018,9,30,9.26801E-06
61,2018,9,40,0
61,2019,1,1,0
61,2019,2,1,0.997541354
61,2019,3,1,0.001987641
61,2019,9,30,0.000471005
61,2019,9,40,0
61,2020,1,1,0
61,2020,2,1,0.997620425
61,2020,3,1,0.001872008
61,2020,9,30,0.000507567
61,2020,9,40,0
61,2021,1,1,0
61,2021,2,1,0.997738526
61,2021,3,1,0.001746844
61,2021,9,30,0.00051463
61,2021,9,40,0
61,2022,1,1,0
61,2022,2,1,0.997844212
61,2022,3,1,0.001644733
61,2022,9,30,0.000511054
61,2022,9,40,0
61,2023,1,1,0
61,2023,2,1,0.998053837
61,2023,3,1,0.001495755
61,2023,9,30,0.000450408
61,2023,9,40,0
62,1992,2,1,1
62,1992,3,1,0
62,1992,9,30,0
62,1992,9,40,0
62,1993,2,1,1
62,1993,3,1,0
62,1993,9,30,0
62,1993,9,40,0
62,1994,2,1,1
62,1994,3,1,0
62,1994,9,30,0
62,1994,9,40,0
62,1995,2,1,1
62,1995,3,1,0
62,1995,9,30,0
62,1995,9,40,0
62,1996,2,1,1
62,1996,3,1,0
62,1996,9,30,0
62,1996,9,40,0
62,1997,2,1,1
62,1997,3,1,0
62,1997,9,30,0
62,1997,9,40,0
62,1998,2,1,1
62,1998,3,1,0
62,1998,9,30,0
62,1998,9,40,0
62,1999,2,1,1
62,1999,3,1,0
62,1999,9,30,0
62,1999,9,40,0
62,2000,2,1,1
62,2000,3,1,0
62,2000,9,30,0
62,2000,9,40,0
62,2001,2,1,1
62,2001,3,1,0
62,2001,9,30,0
62,2001,9,40,0
62,2002,2,1,1
62,2002,3,1,0
62,2002,9,30,0
62,2002,9,40,0
62,2003,2,1,1
62,2003,3,1,0
62,2003,9,30,0
62,2003,9,40,0
62,2004,2,1,1
62,2004,3,1,0
62,2004,9,30,0
62,2004,9,40,0
62,2005,2,1,1
62,2005,3,1,0
62,2005,9,30,0
62,2005,9,40,0
62,2006,2,1,1
62,2006,3,1,0
62,2006,9,30,0
62,2006,9,40,0
62,2007,2,1,1
62,2007,3,1,0
62,2007,9,30,0
62,2007,9,40,0
62,2008,2,1,1
62,2008,3,1,0
62,2008,9,30,0
62,2008,9,40,0
62,2009,2,1,1
62,2009,3,1,0
62,2009,9,30,0
62,2009,9,40,0
62,2010,2,1,1
62,2010,3,1,0
62,2010,9,30,0
62,2010,9,40,0
62,2011,2,1,1
62,2011,3,1,0
62,2011,9,30,0
62,2011,9,40,0
62,2012,2,1,0.999494569
62,2012,3,1,0.000505431
62,2012,9,30,0
62,2012,9,40,0
62,2013,2,1,0.998754734
62,2013,3,1,0.001245266
62,2013,9,30,0
62,2013,9,40,0
62,2014,2,1,0.988996776
62,2014,3,1,0.011003224
62,2014,9,30,0
62,2014,9,40,0
62,2015,2,1,0.992014549
62,2015,3,1,0.007985451
62,2015,9,30,0
62,2015,9,40,0
62,2016,2,1,0.988522202
62,2016,3,1,0.011477798
62,2016,9,30,0
62,2016,9,40,0
62,2017,2,1,0.986625682
62,2017,3,1,0.013374318
62,2017,9,30,0
62,2017,9,40,0
62,2018,2,1,0.991737247
62,2018,3,1,0.008262753
62,2018,9,30,0
62,2018,9,40,0
62,2019,2,1,0.993977862
62,2019,3,1,0.006022138
62,2019,9,30,0
62,2019,9,40,0
62,2020,2,1,0.994435153
62,2020,3,1,0.005564847
62,2020,9,30,0
62,2020,9,40,0
62,2021,2,1,0.994903482
62,2021,3,1,0.005096518
62,2021,9,30,0
62,2021,9,40,0
62,2022,2,1,0.995247557
62,2022,3,1,0.004752443
62,2022,9,30,0
62,2022,9,40,0
62,2023,2,1,0.995616546
62,2023,3,1,0.004383454
62,2023,9,30,0
62,2023,9,40,0
